Date,Adj Close,Close,High,Low,Open,Volume,MA_5,MA_50,VWAP,Uncertainty,Deviation
2017-06-21,20.76,20.76,20.95,20.69,20.81,67500.0,20.742,22.4754,20.8,4.2001,1.7154
2017-06-22,20.67,20.67,20.76,20.55,20.76,85400.0,20.664,22.4588,11.5393,1.3333,1.7525
2017-06-23,20.89,20.89,21.34,20.57,20.57,118700.0,20.694,22.4378,9.1487,1.4063,1.687
2017-06-26,21.19,21.19,21.36,21.04,21.08,202600.0,20.814,22.424,21.1967,1.9091,1.5859
2017-06-27,21.02,21.02,21.2,20.98,21.2,90200.0,20.906,22.4032,6.4898,0.2222,1.5475
2017-06-28,20.99,20.99,21.24,20.82,21.07,141000.0,20.952,22.361,6.8311,4.25,1.5195
2017-06-29,20.84,20.84,21.27,20.78,21.17,146500.0,20.986,22.3192,5.2923,0.4848,1.5138
2017-06-30,21.08,21.08,21.19,20.95,20.97,156100.0,21.024,22.2864,4.4671,1.1818,1.4789
2017-07-03,21.4,21.4,21.53,21.17,21.17,164900.0,21.066,22.2544,21.3667,0.5652,1.4231
2017-07-05,22.01,22.01,22.05,21.34,21.7,379000.0,21.264,22.2302,15.1907,1.2903,1.3519
2017-07-06,22.06,22.06,22.19,21.56,22.02,245600.0,21.478,22.211,6.8241,14.7504,1.2898
2017-07-07,22.87,22.87,23.27,22.04,22.18,354000.0,21.884,22.218,7.0356,0.7826,1.2491
2017-07-10,23.15,23.15,23.58,22.87,23.21,184800.0,22.298,22.2332,23.2,10.8334,1.2268
2017-07-11,23.08,23.08,23.39,22.96,23.24,167400.0,22.634,22.2406,11.0,1.6875,1.2032
2017-07-12,23.43,23.43,23.54,23.04,23.31,268600.0,22.918,22.242,10.097,3.1666,1.2022
2017-07-13,23.52,23.52,23.91,23.45,23.63,109500.0,23.21,22.229,3.5425,3.1819,1.208
2017-07-14,23.87,23.87,23.97,23.53,23.54,121600.0,23.41,22.2142,3.3958,0.3333,1.2388
2017-07-17,24.39,24.39,24.47,23.65,24.09,105500.0,23.658,22.2084,24.17,1.7333,1.3091
2017-07-18,24.49,24.49,25.0,24.43,24.66,122200.0,23.94,22.1964,13.2236,2.3529,1.3786
2017-07-19,25.16,25.16,25.41,24.925,25.0,108800.0,24.286,22.2138,8.1366,2.0313,1.4965
2017-07-20,24.89,24.89,25.29,24.52,25.29,242400.0,24.56,22.2266,10.4263,0.925,1.5718
2017-07-21,24.99,24.99,25.04,24.17,24.45,121600.0,24.784,22.2366,4.2935,0.6111,1.644
2017-07-24,24.93,24.93,25.15,24.84,24.99,90600.0,24.892,22.2534,24.9733,4.1667,1.702
2017-07-25,25.09,25.09,25.4,25.0,25.0,111200.0,25.012,22.2712,13.866,3.4444,1.7627
2017-07-26,25.39,25.39,25.47,24.79,25.05,66800.0,25.058,22.2818,6.2713,1.0,1.8356
2017-07-27,25.06,25.06,25.41,24.88,25.33,582100.0,25.092,22.2744,17.1863,0.963,1.881
2017-07-28,25.35,25.35,25.48,24.47,24.87,90700.0,25.164,22.2774,2.4183,1.1042,1.9383
2017-07-31,26.36,26.36,26.73,25.231,25.41,307200.0,25.45,22.3936,26.107,0.5779,2.0456
2017-08-01,25.9,25.9,26.74,25.67,26.17,295600.0,25.612,22.4838,12.8005,2.963,2.1078
2017-08-02,26.1,26.1,26.3,25.71,25.94,328900.0,25.754,22.5994,9.1912,2.6875,2.1687
2017-08-03,26.73,26.73,26.75,26.14,26.24,120600.0,26.088,22.728,3.0416,0.2449,2.2512
2017-08-04,26.53,26.53,26.958,26.38,26.89,386100.0,26.324,22.819,7.1461,0.6056,2.3108
2017-08-07,26.55,26.55,26.91,26.38,26.6,138500.0,26.362,22.889,26.6133,9.5998,2.3631
2017-08-08,26.73,26.73,26.95,26.34,26.4,106000.0,26.528,22.9572,11.5639,0.8485,2.4163
2017-08-09,26.6,26.6,26.72,25.78,26.18,104600.0,26.628,23.0292,7.9002,1.2381,2.4569
2017-08-10,25.41,25.41,26.43,25.3,26.27,136800.0,26.364,23.0962,7.2393,0.314,2.453
2017-08-11,25.39,25.39,25.69,24.73,25.15,308800.0,26.136,23.1762,9.8193,3.0,2.4468
2017-08-14,25.68,25.68,26.17,25.36,25.98,135000.0,25.962,23.2586,25.7367,1.7,2.4462
2017-08-15,25.62,25.62,26.01,25.31,26.01,86800.0,25.74,23.342,10.0367,0.7949,2.442
2017-08-16,25.94,25.94,26.051,25.37,25.55,170800.0,25.608,23.4328,11.2186,0.7461,2.4437
2017-08-17,25.08,25.08,25.79,24.9,25.79,117800.0,25.542,23.5016,5.8292,0.2535,2.4262
2017-08-18,25.37,25.37,25.6,24.57,25.48,147200.0,25.538,23.586,5.6364,8.3638,2.4129
2017-08-21,24.95,24.95,25.45,24.77,25.33,130600.0,25.392,23.6652,25.0567,0.7895,2.3927
2017-08-22,25.12,25.12,25.37,24.76,25.17,129300.0,25.292,23.7544,12.4789,11.2002,2.3743
2017-08-23,24.84,24.84,25.27,24.42,25.07,176400.0,25.072,23.8286,10.0444,2.6957,2.3526
2017-08-24,25.03,25.03,25.06,24.8,24.94,102500.0,25.062,23.909,4.749,1.8889,2.3328
2017-08-25,24.95,24.95,25.15,24.85,25.07,108500.0,24.978,23.9868,4.1877,1.5,2.3121
2017-08-28,24.73,24.73,25.07,24.63,25.05,198400.0,24.934,24.0666,24.81,0.375,2.2899
2017-08-29,24.86,24.86,25.01,24.54,24.6,88800.0,24.882,24.152,7.669,0.8077,2.2687
2017-08-30,24.65,24.65,24.85,24.28,24.85,171400.0,24.844,24.2338,9.1917,1.85,2.2466
2017-08-31,25.01,25.01,25.23,24.65,24.77,111300.0,24.84,24.3188,4.8753,1.4167,2.2356
2017-09-01,25.46,25.46,25.52,25.1,25.5,121600.0,24.942,24.4146,4.4595,9.4998,2.2262
2017-09-05,26.2,26.2,26.45,25.76,26.13,225500.0,25.236,24.5208,26.1367,8.8569,2.2281
2017-09-06,26.69,26.69,26.8,26.13,26.3,404200.0,25.602,24.6308,17.0358,0.7179,2.2403
2017-09-07,26.7,26.7,26.86,26.235,26.68,133300.0,26.012,24.7444,4.6469,30.2493,2.2488
2017-09-08,26.74,26.74,26.96,26.43,26.69,135200.0,26.358,24.8594,4.0205,9.6001,2.2561
2017-09-11,26.87,26.87,27.15,26.71,26.85,271900.0,26.64,24.98,26.91,20.9995,2.2623
2017-09-12,25.55,25.55,26.75,25.0,26.58,499500.0,26.51,25.0694,16.6845,0.699,2.2569
2017-09-13,26.65,26.65,26.66,25.04,25.17,472300.0,26.502,25.1744,9.9179,0.0946,2.2633
2017-09-14,27.45,27.45,28.34,26.191,26.36,517100.0,26.652,25.2832,8.0252,0.9716,2.2837
2017-09-15,28.31,28.31,29.01,27.75,27.86,5444000.0,26.966,25.4082,21.4265,1.8,2.3202
2017-09-18,28.4,28.4,28.94,28.35,28.57,729600.0,27.272,25.5188,28.5633,2.4706,2.3539
2017-09-19,28.52,28.52,28.69,27.234,28.47,567900.0,27.866,25.6262,12.32,28.1194,2.3857
2017-09-20,28.59,28.59,29.3,28.36,29.2,607400.0,28.254,25.7364,9.1673,0.541,2.4166
2017-09-21,28.89,28.89,29.43,28.35,28.88,460500.0,28.542,25.8456,5.6244,106.9975,2.4489
2017-09-22,28.26,28.26,28.92,28.17,28.92,125900.0,28.532,25.9404,1.4377,0.1364,2.4641
2017-09-25,27.51,27.51,28.67,27.16,28.58,296400.0,28.354,26.0132,27.78,0.4112,2.462
2017-09-26,27.15,27.15,28.04,27.11,27.58,538300.0,28.08,26.0684,17.6918,1.1628,2.4474
2017-09-27,26.72,26.72,27.459,25.86,27.24,769100.0,27.706,26.113,12.7942,2.075,2.4273
2017-09-28,26.36,26.36,26.67,26.11,26.52,424100.0,27.2,26.137,5.5169,2.5,2.3915
2017-09-29,27.45,27.45,27.52,26.49,27.05,260800.0,27.038,26.1882,3.0942,1.575,2.3684
2017-10-02,27.35,27.35,27.52,27.28,27.47,315500.0,27.006,26.2354,27.3833,1.0,2.3415
2017-10-03,28.34,28.34,28.8,27.28,27.28,332300.0,27.244,26.3036,14.4349,0.434,2.3286
2017-10-04,28.34,28.34,28.855,28.14,28.39,213400.0,27.568,26.3686,7.0485,13.3002,2.3111
2017-10-05,28.62,28.62,29.289,28.54,29.05,303000.0,28.02,26.4332,7.4999,0.7419,2.2898
2017-10-06,28.23,28.23,28.675,27.91,28.17,169300.0,28.176,26.4966,3.5893,11.7501,2.269
2017-10-09,28.14,28.14,28.58,28.03,28.23,323300.0,28.334,26.5524,28.25,5.1111,2.2383
2017-10-10,28.49,28.49,29.22,28.4,28.78,293600.0,28.364,26.595,13.6607,1.8276,2.1834
2017-10-11,27.86,27.86,28.81,27.85,28.75,333300.0,28.268,26.6342,9.8823,0.0787,2.1363
2017-10-12,27.92,27.92,28.1,27.79,27.83,143800.0,28.128,26.6706,3.6721,2.4444,2.0856
2017-10-13,27.72,27.72,28.01,27.47,27.97,268300.0,28.026,26.6904,5.462,1.16,2.0126
2017-10-16,27.06,27.06,27.33,26.28,27.29,411000.0,27.81,26.701,26.89,3.5652,1.9437
2017-10-17,27.0,27.0,27.01,26.473,26.85,135300.0,27.512,26.71,6.6443,2.58,1.8739
2017-10-18,27.16,27.16,27.31,26.9,27.25,306400.0,27.372,26.7186,9.7462,3.5555,1.7974
2017-10-19,26.75,26.75,27.09,26.01,27.07,363100.0,27.138,26.7216,7.9491,2.375,1.725
2017-10-20,27.38,27.38,27.52,26.92,27.06,143600.0,27.07,26.761,2.881,0.875,1.696
2017-10-23,26.57,26.57,27.39,26.54,27.08,129800.0,26.972,26.7846,26.8333,0.6667,1.6671
2017-10-24,27.5,27.5,27.62,26.22,26.68,233100.0,27.072,26.821,17.4156,0.7073,1.6344
2017-10-25,27.55,27.55,28.0,27.19,27.91,204900.0,27.15,26.8596,9.9527,1.25,1.6053
2017-10-26,26.72,26.72,27.67,26.67,27.54,338900.0,27.144,26.8752,10.0993,0.2195,1.5658
2017-10-27,27.27,27.27,27.54,26.66,26.74,338200.0,27.122,26.919,7.3776,0.6604,1.5506
2017-10-30,26.02,26.02,27.11,25.74,27.03,203600.0,27.012,26.932,26.29,0.3564,1.5354
2017-10-31,25.29,25.29,25.9,25.17,25.9,403800.0,26.57,26.9388,16.9214,0.1967,1.5423
2017-11-01,24.88,24.88,25.33,24.77,25.03,323200.0,26.036,26.934,8.6803,2.7333,1.5575
2017-11-02,24.74,24.74,25.02,23.86,25.02,563900.0,25.64,26.932,9.2594,3.1428,1.5816
2017-11-03,24.05,24.05,25.1,23.875,24.91,412000.0,24.996,26.9124,5.2603,0.4244,1.6248
2017-11-06,24.67,24.67,24.88,24.21,24.49,216400.0,24.726,26.9068,24.5867,2.7222,1.6497
2017-11-07,23.42,23.42,24.11,23.21,24.0,347400.0,24.352,26.8806,14.5294,0.5517,1.7182
2017-11-08,24.65,24.65,25.12,24.01,24.21,487900.0,24.306,26.8764,11.4092,1.5227,1.744
2017-11-09,25.2,25.2,25.54,24.7,25.52,909100.0,24.398,26.8874,11.6589,1.625,1.7592
2017-11-10,24.86,24.86,25.03,24.43,24.76,412700.0,24.56,26.8844,4.3075,5.0,1.7797
2017-11-13,24.28,24.28,24.74,24.06,24.3,259200.0,24.482,26.8608,24.36,33.0025,1.8107
2017-11-14,23.95,23.95,24.41,23.71,24.14,259700.0,24.588,26.8158,12.0232,2.6842,1.8403
2017-11-15,23.99,23.99,24.35,23.62,23.91,305800.0,24.456,26.7618,8.8943,8.125,1.8589
2017-11-16,24.32,24.32,24.67,24.26,24.45,399100.0,24.28,26.7142,7.9627,2.1538,1.8691
2017-11-17,24.68,24.68,24.77,24.39,24.39,265300.0,24.244,26.673,4.3851,0.3103,1.8714
2017-11-20,25.5,25.5,25.65,24.129,24.68,406100.0,24.488,26.6456,25.093,0.8549,1.8593
2017-11-21,25.89,25.89,26.09,25.6,25.61,982900.0,24.876,26.6524,18.2993,0.75,1.8612
2017-11-22,26.01,26.01,26.01,25.49,25.7,493000.0,25.28,26.6396,6.7681,0.6774,1.8516
2017-11-24,26.04,26.04,26.32,25.94,26.1,178100.0,25.624,26.6114,2.2564,5.3334,1.8279
2017-11-27,25.89,25.89,26.085,25.88,26.0,155300.0,25.866,26.563,25.9517,0.8636,1.7837
2017-11-28,26.42,26.42,26.55,25.93,26.07,269800.0,26.05,26.5234,16.6919,0.7714,1.7366
2017-11-29,26.06,26.06,26.33,25.64,26.33,331700.0,26.084,26.4742,11.4,1.5556,1.6888
2017-11-30,25.16,25.16,25.31,23.81,24.27,1104200.0,25.914,26.4056,14.691,0.6854,1.6493
2017-12-01,24.88,24.88,25.2,24.73,25.04,324300.0,25.682,26.3254,3.7006,1.9375,1.6051
2017-12-04,25.05,25.05,25.35,25.0,25.09,449400.0,25.514,26.2612,25.1333,7.7498,1.5806
2017-12-05,25.09,25.09,25.74,25.02,25.32,390200.0,25.248,26.2128,11.7503,2.1304,1.5744
2017-12-06,24.9,24.9,25.29,24.82,25.27,317100.0,25.016,26.1678,6.8545,0.2703,1.5771
2017-12-07,24.3,24.3,24.94,24.0,24.06,465600.0,24.844,26.1194,7.0066,2.9167,1.5957
2017-12-08,24.4,24.4,25.05,24.34,24.96,310500.0,24.748,26.0802,3.9514,0.2679,1.613
2017-12-11,24.29,24.29,24.54,24.03,24.5,264800.0,24.596,26.017,24.2867,1.4286,1.6216
2017-12-12,24.1,24.1,24.38,23.905,24.0,328300.0,24.398,25.952,13.3558,3.75,1.635
2017-12-13,23.99,23.99,24.5,23.8,24.37,544000.0,24.216,25.865,11.5281,0.8421,1.6311
2017-12-14,23.42,23.42,23.82,23.32,23.36,253400.0,24.04,25.7666,4.2862,7.3334,1.641
2017-12-15,23.35,23.35,23.96,23.21,23.89,464800.0,23.83,25.6612,5.889,0.3889,1.6444
2017-12-18,23.49,23.49,23.63,23.39,23.49,418900.0,23.67,25.5664,23.5033,2398.9977,1.6524
2017-12-19,23.52,23.52,23.63,23.27,23.27,455600.0,23.554,25.474,12.2292,0.44,1.6602
2017-12-20,23.84,23.84,24.0,23.52,23.52,308600.0,23.524,25.381,6.2045,0.5,1.6529
2017-12-21,23.96,23.96,24.15,23.785,23.81,282200.0,23.632,25.303,4.6154,1.4333,1.6547
2017-12-22,23.9,23.9,23.99,23.85,23.85,146500.0,23.742,25.2226,2.1735,1.8,1.6558
2017-12-26,24.0,24.0,24.18,23.795,23.93,87200.0,23.844,25.1482,23.9917,4.5,1.6574
2017-12-27,23.68,23.68,23.96,23.614,23.96,76700.0,23.876,25.0806,11.1149,0.2357,1.6684
2017-12-28,23.8,23.8,24.23,23.71,24.23,348200.0,23.868,25.0166,16.2598,0.2093,1.6767
2017-12-29,23.83,23.83,24.03,23.75,23.8,125600.0,23.842,24.95,4.7014,8.3331,1.6831
2018-01-02,24.83,24.83,25.06,24.63,24.74,229800.0,24.028,24.9116,24.84,3.7778,1.6831
2018-01-03,24.56,24.56,24.92,24.53,24.83,119700.0,24.14,24.8552,8.4492,0.4444,1.6813
2018-01-04,24.96,24.96,25.42,24.95,25.16,269900.0,24.396,24.823,10.9415,1.35,1.6812
2018-01-05,24.91,24.91,25.28,24.57,24.65,215900.0,24.618,24.7712,6.4411,1.7308,1.6785
2018-01-08,24.87,24.87,24.98,24.66,24.91,255500.0,24.826,24.7176,24.8367,7.0002,1.6758
2018-01-09,24.66,24.66,24.88,24.49,24.73,617700.0,24.792,24.6764,17.4562,4.5714,1.6757
2018-01-10,24.78,24.78,25.13,24.43,24.61,220900.0,24.836,24.6266,5.0031,3.1176,1.6751
2018-01-11,25.11,25.11,25.11,24.57,24.57,449300.0,24.866,24.6084,7.2574,0.0,1.6716
2018-01-12,24.74,24.74,24.77,24.26,24.46,228400.0,24.832,24.5974,3.1699,0.8214,1.6554
2018-01-16,25.47,25.47,25.61,24.894,24.92,319000.0,24.952,24.6092,25.3247,0.3018,1.6343
2018-01-17,26.25,26.25,26.57,25.36,25.42,547600.0,25.27,24.6394,16.4672,0.4578,1.6207
2018-01-18,26.7,26.7,26.92,26.58,26.59,682800.0,25.654,24.6924,11.781,2.0909,1.5948
2018-01-19,26.89,26.89,27.21,26.67,27.19,768600.0,26.01,24.7368,8.9272,0.8,1.5925
2018-01-22,27.3,27.3,27.32,26.46,26.56,300200.0,26.522,24.8144,27.0267,0.1622,1.5556
2018-01-23,26.86,26.86,26.87,26.58,26.64,254300.0,26.8,24.8586,12.277,0.3182,1.5495
2018-01-24,27.84,27.84,28.03,27.23,27.7,739600.0,27.118,24.9114,15.831,4.7143,1.5861
2018-01-25,27.75,27.75,28.38,27.54,27.89,263700.0,27.328,24.9692,4.7211,5.0,1.6088
2018-01-26,28.59,28.59,28.83,28.001,28.14,659500.0,27.668,25.0554,8.469,0.8422,1.6447
2018-01-29,28.85,28.85,29.01,28.3,28.53,282800.0,27.978,25.1534,28.72,1.2188,1.6775
2018-01-30,28.85,28.85,29.0,28.145,28.38,465200.0,28.376,25.2506,17.8275,0.8191,1.7086
2018-01-31,29.19,29.19,30.0,28.91,29.61,501900.0,28.646,25.348,11.7922,1.5952,1.7607
2018-02-01,29.5,29.5,30.25,29.46,29.89,519700.0,28.996,25.4444,8.7331,1.0256,1.8302
2018-02-02,28.92,28.92,29.25,28.431,29.03,245400.0,29.062,25.5128,3.5156,6.4454,1.8856
2018-02-05,27.92,27.92,28.98,27.87,28.64,178200.0,28.876,25.5534,28.2567,0.5417,1.912
2018-02-06,28.66,28.66,29.0,27.82,27.88,333900.0,28.838,25.6064,18.5783,0.5128,1.9582
2018-02-07,28.29,28.29,29.21,28.28,29.08,258200.0,28.658,25.6514,9.5843,0.1772,1.9918
2018-02-08,27.25,27.25,28.37,27.21,28.37,151000.0,28.208,25.6786,4.5252,0.0357,2.0019
2018-02-09,26.95,26.95,27.46,26.23,27.4,289400.0,27.814,25.6892,6.4253,1.7333,2.0097
2018-02-12,27.42,27.42,27.52,26.86,27.0,188600.0,27.714,25.7164,27.2667,0.5714,2.0233
2018-02-13,27.39,27.39,27.59,27.1,27.23,68200.0,27.46,25.761,7.2662,2.0625,2.0287
2018-02-14,27.6,27.6,27.71,27.07,27.27,120900.0,27.322,25.8154,8.7898,0.9394,2.0341
2018-02-15,27.9,27.9,27.95,27.52,27.72,107700.0,27.452,25.8724,6.166,1.3889,2.0471
2018-02-16,27.37,27.37,27.88,27.21,27.66,462900.0,27.536,25.918,13.4172,1.3104,2.0512
2018-02-20,27.99,27.99,28.26,27.63,27.66,220400.0,27.65,25.9798,27.96,0.9091,2.063
2018-02-21,28.4,28.4,28.975,27.97,28.04,509500.0,27.852,26.0618,19.8581,1.7917,2.0735
2018-02-22,29.65,29.65,29.89,29.131,29.42,404100.0,28.262,26.1668,10.5326,2.3,2.1179
2018-02-23,30.3,30.3,30.61,29.626,30.0,444400.0,28.742,26.287,8.4968,2.28,2.179
2018-02-26,31.31,31.31,31.38,30.76,31.1,687600.0,29.53,26.4312,31.15,1.9524,2.2705
2018-02-27,30.77,30.77,31.08,30.77,30.98,308800.0,30.086,26.5668,9.5681,0.4762,2.332
2018-02-28,30.78,30.78,31.1,30.61,30.85,219800.0,30.562,26.714,5.5718,6.0,2.3788
2018-03-01,30.41,30.41,31.02,29.92,30.67,224800.0,30.714,26.8552,4.7503,3.2308,2.4093
2018-03-02,30.15,30.15,30.28,29.5,29.96,215800.0,30.684,26.9884,3.9045,3.1053,2.4328
2018-03-05,30.63,30.63,30.98,30.09,30.13,273000.0,30.548,27.1306,30.5667,0.78,2.4672
2018-03-06,31.3,31.3,31.84,30.841,31.64,823300.0,30.654,27.2798,23.526,1.9382,2.5225
2018-03-07,30.66,30.66,31.36,30.51,31.15,214100.0,30.63,27.4138,5.0393,0.7347,2.5568
2018-03-08,32.08,32.08,32.15,31.08,31.35,524100.0,30.964,27.5774,9.0764,0.4658,2.6283
2018-03-09,33.51,33.51,33.8,32.25,32.32,1501700.0,31.636,27.7676,14.9381,0.3025,2.7461
2018-03-12,34.0,34.0,34.63,33.7,33.85,479600.0,32.31,27.974,34.11,5.1999,2.8685
2018-03-13,34.14,34.14,34.521,33.88,34.49,531200.0,32.878,28.1808,17.9626,0.8314,2.9848
2018-03-14,34.06,34.06,34.33,33.49,34.16,202000.0,33.558,28.3854,5.6563,7.4001,3.0867
2018-03-15,33.35,33.35,33.74,33.25,33.6,534000.0,33.812,28.5558,10.2247,0.96,3.1603
2018-03-16,33.47,33.47,33.75,32.95,33.46,468900.0,33.804,28.734,7.0662,78.9828,3.2302
2018-03-19,32.9,32.9,33.68,32.44,32.91,226400.0,33.584,28.8928,33.0067,123.021,3.2795
2018-03-20,33.32,33.32,33.6,33.22,33.46,173900.0,33.42,29.061,14.5011,1.7143,3.3343
2018-03-21,34.15,34.15,34.31,33.35,33.7,375900.0,33.438,29.2466,16.4349,1.1333,3.4055
2018-03-22,33.73,33.73,34.45,33.6,34.2,270800.0,33.514,29.428,8.7749,0.8085,3.4594
2018-03-23,33.64,33.64,33.85,33.41,33.53,119600.0,33.548,29.6052,3.4481,3.0,3.5061
2018-03-26,34.31,34.31,34.33,33.86,34.19,302900.0,33.83,29.7892,34.1667,2.9166,3.5632
2018-03-27,34.1,34.1,34.84,33.9,34.4,367800.0,33.986,29.9764,18.7985,2.1333,3.6106
2018-03-28,33.78,33.78,34.33,33.35,34.21,128500.0,33.912,30.1426,5.4378,1.2791,3.645
2018-03-29,34.75,34.75,35.05,34.19,34.42,597100.0,34.116,30.3126,14.8231,1.606,3.6916
2018-04-02,33.81,33.81,34.9,33.41,34.79,361600.0,34.15,30.4548,7.002,0.5204,3.7111
2018-04-03,33.77,33.77,34.56,33.64,34.35,263200.0,34.042,30.5924,4.4264,0.5862,3.7258
2018-04-04,33.09,33.09,33.2,32.46,33.2,525500.0,33.84,30.7082,6.7925,5.7273,3.7245
2018-04-05,33.28,33.28,34.31,33.22,34.11,474200.0,33.74,30.8366,5.275,0.3133,3.7297
2018-04-06,34.04,34.04,34.5,33.57,34.06,655700.0,33.598,30.9606,6.0704,45.499,3.7322
2018-04-09,33.85,33.85,34.76,33.73,34.69,734600.0,33.606,31.0826,34.1133,0.2262,3.732
2018-04-10,33.05,33.05,33.79,32.5,33.79,334400.0,33.462,31.1718,10.3584,0.7432,3.7079
2018-04-11,32.27,32.27,32.9,31.64,32.3,530600.0,33.298,31.2402,10.7042,41.0018,3.6737
2018-04-12,32.56,32.56,32.8,32.05,32.05,295000.0,33.154,31.3144,5.0558,0.4706,3.6425
2018-04-13,32.26,32.26,32.94,31.88,32.88,478800.0,32.798,31.3758,6.5282,0.7097,3.604
2018-04-16,31.58,31.58,32.14,31.2,32.14,409200.0,32.344,31.4174,31.64,0.6786,3.5581
2018-04-17,32.33,32.33,32.83,31.79,32.7,549700.0,32.2,31.4856,18.5259,1.8108,3.5273
2018-04-18,32.76,32.76,33.11,32.6,32.6,398700.0,32.298,31.5824,9.6396,2.1875,3.5154
2018-04-19,32.44,32.44,32.57,31.92,32.33,316200.0,32.274,31.658,6.1037,4.9093,3.4905
2018-04-20,32.28,32.28,32.735,31.89,32.03,511800.0,32.278,31.7378,7.5641,2.38,3.4714
2018-04-23,31.96,31.96,32.216,31.84,32.09,448600.0,32.354,31.832,32.0053,1.8923,3.4643
2018-04-24,31.09,31.09,32.6,30.84,32.21,360600.0,32.106,31.9148,14.0417,0.5714,3.4617
2018-04-25,29.29,29.29,30.51,29.23,30.46,631800.0,31.412,31.9522,13.0116,0.094,3.4737
2018-04-26,29.7,29.7,29.73,29.19,29.59,435100.0,30.864,31.9984,6.8508,3.9091,3.4813
2018-04-27,30.9,30.9,31.03,30.2,30.26,1062500.0,30.588,32.0644,11.1037,0.2969,3.476
2018-04-30,31.0,31.0,31.25,30.07,30.37,510100.0,30.396,32.1264,30.7733,0.873,3.4678
2018-05-01,30.79,30.79,31.05,30.28,31.05,280700.0,30.336,32.1948,10.8995,1.9616,3.4674
2018-05-02,30.16,30.16,30.99,29.94,30.61,1326700.0,30.51,32.2382,19.0239,1.3333,3.4682
2018-05-03,28.66,28.66,30.19,28.6,30.125,615900.0,30.302,32.2434,6.5682,0.0853,3.4894
2018-05-04,28.65,28.65,28.98,28.16,28.41,672300.0,29.852,32.2234,5.6451,2.4167,3.4913
2018-05-07,27.6,27.6,28.36,27.53,28.2,365800.0,29.172,32.1694,27.83,0.3833,3.5049
2018-05-08,27.54,27.54,27.78,27.23,27.75,493100.0,28.522,32.094,15.7975,1.6191,3.4962
2018-05-09,25.71,25.71,27.58,25.08,27.58,1404800.0,27.632,31.9928,16.2115,0.3369,3.558
2018-05-10,26.86,26.86,27.35,25.62,26.61,1204600.0,27.272,31.9144,9.2421,5.92,3.5832
2018-05-11,25.36,25.36,27.11,25.1,26.71,663900.0,26.614,31.8134,4.1543,0.4889,3.6633
2018-05-14,24.25,24.25,25.69,24.01,25.47,554200.0,25.944,31.6954,24.65,0.3771,3.7853
2018-05-15,22.82,22.82,23.57,22.44,22.45,2302600.0,25.0,31.5392,18.4925,2.0541,3.9502
2018-05-16,22.35,22.35,22.93,22.18,22.81,711000.0,24.328,31.3602,4.4812,0.6304,4.1115
2018-05-17,20.89,20.89,21.97,20.81,21.79,1421900.0,23.134,31.1648,6.048,0.2889,4.3365
2018-05-18,21.25,21.25,21.29,19.71,20.38,2642000.0,22.312,30.9482,7.1834,0.8161,4.5034
2018-05-21,22.29,22.29,22.31,21.57,21.71,1323400.0,21.92,30.7238,22.0567,0.2759,4.5874
2018-05-22,23.5,23.5,23.6,22.7,22.7,1597100.0,22.056,30.5138,12.7236,0.125,4.6154
2018-05-23,22.89,22.89,23.27,22.5,23.17,875100.0,22.164,30.2888,5.2767,1.75,4.6568
2018-05-24,22.41,22.41,22.76,22.1,22.26,1161600.0,22.468,30.0558,5.2544,3.4,4.7129
2018-05-25,23.08,23.08,23.6,22.52,22.68,1281800.0,22.834,29.8504,4.739,1.7,4.7611
2018-05-29,21.68,21.68,22.48,21.64,22.02,715000.0,22.712,29.6146,21.9333,1.4706,4.8455
2018-05-30,21.49,21.49,21.91,20.91,21.91,1086800.0,22.31,29.3864,12.9301,1.381,4.9401
2018-05-31,21.38,21.38,21.84,21.26,21.82,405200.0,22.008,29.1476,3.9461,0.3182,5.0248
2018-06-01,21.11,21.11,21.75,20.87,21.46,674300.0,21.748,28.8868,4.9715,1.5143,5.0968
2018-06-04,21.61,21.61,21.8,21.33,21.51,588200.0,21.454,28.6444,21.58,3.7,5.1572
2018-06-05,20.06,20.06,21.37,19.93,21.37,824600.0,21.13,28.3728,11.9379,0.0992,5.2587
2018-06-06,19.19,19.19,19.7,18.7,19.55,2175600.0,20.67,28.0704,11.6387,1.7778,5.3686
2018-06-07,17.8,17.8,18.57,17.19,18.48,2499200.0,19.954,27.7444,7.3295,1.0294,5.519
2018-06-08,18.81,18.81,19.28,17.79,18.69,1954300.0,19.494,27.445,4.5266,11.4168,5.6291
2018-06-11,19.5,19.5,19.89,19.17,19.26,1000400.0,19.072,27.14,19.52,2.0,5.6974
2018-06-12,19.36,19.36,19.67,19.17,19.47,623400.0,18.932,26.851,7.4479,3.5455,5.7756
2018-06-13,19.29,19.29,19.49,18.88,19.4,570700.0,18.952,26.5614,4.9983,4.5455,5.8492
2018-06-14,18.85,18.85,19.41,18.58,19.33,806700.0,19.162,26.2766,5.0927,0.7292,5.9331
2018-06-15,18.46,18.46,18.665,18.06,18.55,654800.0,19.092,25.9802,3.2946,5.7222,6.0178
2018-06-18,18.03,18.03,18.33,17.804,18.04,508600.0,18.798,25.66,18.0547,51.5987,6.0982
2018-06-19,18.52,18.52,18.72,17.67,17.9,1183000.0,18.63,25.3534,12.8002,0.6935,6.1619
2018-06-20,18.45,18.45,19.239,18.37,19.13,386100.0,18.462,25.0614,3.4725,0.2779,6.2268
2018-06-21,17.81,17.81,18.36,17.6,18.32,974300.0,18.254,24.7722,5.7217,0.4902,6.3025
2018-06-22,17.8,17.8,17.955,17.59,17.91,595900.0,18.122,24.477,2.9047,2.3182,6.3704
2018-06-25,17.54,17.54,17.62,17.04,17.6,488300.0,18.024,24.1826,17.4,8.6668,6.4381
2018-06-26,17.31,17.31,17.71,17.17,17.63,368900.0,17.782,23.8972,7.4867,0.6875,6.5051
2018-06-27,16.51,16.51,17.08,16.37,17.03,2167500.0,17.394,23.5808,11.9338,0.3654,6.5804
2018-06-28,16.7,16.7,17.56,16.16,17.56,7371200.0,17.172,23.2596,11.9167,0.6279,6.6434
2018-06-29,16.36,16.36,16.83,16.26,16.81,1686000.0,16.884,22.938,2.3002,0.2667,6.7073
2018-07-02,15.79,15.79,16.09,15.6,16.09,1021100.0,16.534,22.6082,15.8267,0.6333,6.7758
2018-07-03,16.0,16.0,16.3,15.53,15.86,900400.0,16.272,22.289,7.4709,4.5,6.8339
2018-07-05,15.65,15.65,16.05,15.61,16.05,802800.0,16.1,21.9802,4.6471,0.1,6.8913
2018-07-06,16.13,16.13,16.34,15.55,15.55,831700.0,15.986,21.717,3.7437,0.3621,6.9262
2018-07-09,16.4,16.4,16.45,15.9,16.22,931500.0,15.994,21.451,16.25,2.0556,6.9554
2018-07-10,16.29,16.29,16.41,15.95,16.35,1710800.0,16.094,21.1588,10.4997,6.6667,6.9874
2018-07-11,16.15,16.15,16.433,16.06,16.24,781900.0,16.124,20.8618,3.7025,3.1444,7.0173
2018-07-12,16.84,16.84,17.02,16.29,16.5,1041200.0,16.362,20.5828,3.8978,1.1471,7.0345
2018-07-13,17.08,17.08,17.16,16.8,17.04,709500.0,16.552,20.3212,2.3326,8.0002,7.0432
2018-07-16,17.63,17.63,17.886,17.55,17.68,1248600.0,16.798,20.1006,17.6887,5.7199,7.0337
2018-07-17,18.46,18.46,18.57,17.79,17.92,1497200.0,17.232,19.8968,9.9639,0.4444,7.0184
2018-07-18,18.61,18.61,18.92,18.3,18.76,1355900.0,17.724,19.717,6.1519,3.1333,6.9904
2018-07-19,18.47,18.47,18.6,17.71,17.97,770300.0,18.05,19.5356,2.887,0.78,6.9623
2018-07-20,19.12,19.12,20.09,19.01,19.72,1984100.0,18.458,19.4038,5.6161,0.8,6.9055
2018-07-23,19.47,19.47,19.48,18.66,19.03,783000.0,18.826,19.256,19.2033,0.8636,6.8684
2018-07-24,19.81,19.81,20.2,19.77,19.97,1071400.0,19.096,19.145,11.5129,1.6875,6.8082
2018-07-25,20.74,20.74,20.87,20.17,20.21,1397400.0,19.522,19.0748,8.8496,0.3208,6.7304
2018-07-26,20.29,20.29,20.65,20.05,20.55,963500.0,19.886,19.0242,4.6469,1.3077,6.6189
2018-07-27,20.28,20.28,20.77,20.08,20.77,990200.0,20.118,18.9828,3.8761,0.4082,6.4977
2018-07-30,19.57,19.57,20.38,19.45,20.31,772600.0,20.138,18.9564,19.8,0.2568,6.3337
2018-07-31,19.15,19.15,19.3,18.875,19.08,592200.0,20.006,18.9144,8.2913,5.0714,6.1835
2018-08-01,18.88,18.88,19.17,18.66,19.06,597400.0,19.634,18.8462,5.7552,1.8333,6.0674
2018-08-02,18.94,18.94,19.12,18.34,18.62,562500.0,19.364,18.755,4.1886,1.4375,5.9858
2018-08-03,19.89,19.89,20.2,18.99,19.26,718800.0,19.286,18.695,4.3643,0.9206,5.8961
2018-08-06,19.52,19.52,20.0,19.28,20.0,631700.0,19.276,18.6372,19.6,0.5,5.7974
2018-08-07,19.32,19.32,19.97,19.07,19.81,433000.0,19.31,18.562,7.9114,0.8367,5.7188
2018-08-08,18.48,18.48,19.61,18.41,19.47,468300.0,19.23,18.498,5.7532,0.2121,5.6076
2018-08-09,18.9,18.9,19.34,18.54,18.65,1337700.0,19.222,18.4462,8.8195,2.2,5.4957
2018-08-10,17.75,17.75,18.263,17.34,18.18,1599300.0,18.794,18.3736,6.363,1.1465,5.3855
2018-08-13,18.1,18.1,18.26,17.35,17.49,764200.0,18.51,18.3134,17.9033,0.4918,5.2721
2018-08-14,18.72,18.72,18.74,18.24,18.24,397300.0,18.39,18.2556,6.3509,0.0417,5.1778
2018-08-15,18.62,18.62,18.74,18.22,18.39,427300.0,18.418,18.2268,4.9827,1.2609,5.0429
2018-08-16,19.11,19.11,19.3,18.68,18.94,691800.0,18.46,18.2252,5.7726,2.6471,4.8856
2018-08-17,18.73,18.73,19.01,18.47,18.85,862000.0,18.656,18.2438,5.1394,3.5,4.6793
2018-08-20,18.55,18.55,18.96,18.38,18.65,663200.0,18.746,18.2386,18.63,4.8,4.5174
2018-08-21,17.72,17.72,18.48,17.58,18.41,922300.0,18.546,18.203,10.4281,0.3043,4.3868
2018-08-22,16.5,16.5,17.04,16.19,17.03,2794400.0,18.122,18.1458,10.576,0.6038,4.2633
2018-08-23,16.12,16.12,16.7,16.04,16.5,1917800.0,17.524,18.0824,4.9597,0.7368,4.1468
2018-08-24,16.09,16.09,16.51,15.99,16.42,649600.0,16.996,18.0272,1.5145,0.5758,4.0209
2018-08-27,16.58,16.58,16.79,16.173,16.22,1627400.0,16.602,17.9896,16.5143,0.7139,3.8828
2018-08-28,16.4,16.4,16.48,16.1,16.45,489400.0,16.338,17.957,3.7747,6.5998,3.7364
2018-08-29,16.57,16.57,16.731,16.25,16.54,852600.0,16.352,17.918,4.7425,15.034,3.6142
2018-08-30,16.03,16.03,16.34,15.81,16.24,1260700.0,16.334,17.8696,4.7864,1.5238,3.5009
2018-08-31,16.82,16.82,16.98,16.1,16.19,1364700.0,16.48,17.8498,4.0573,0.3968,3.3627
2018-09-04,16.09,16.09,16.5,15.999,16.49,667500.0,16.382,17.8156,16.1963,0.2525,3.2367
2018-09-05,16.13,16.13,16.305,15.91,16.06,784500.0,16.328,17.7874,8.7068,4.6429,3.1062
2018-09-06,16.56,16.56,16.67,16.0,16.28,1009400.0,16.326,17.7724,6.7296,1.3929,2.9682
2018-09-07,17.27,17.27,17.42,16.5,16.56,608500.0,16.574,17.7876,3.3822,0.2958,2.7956
2018-09-10,16.84,16.84,17.38,16.63,17.27,677200.0,16.578,17.7904,16.95,0.7442,2.6406
2018-09-11,15.87,15.87,16.13,15.77,16.04,1084900.0,16.534,17.7806,9.8038,1.1176,2.4861
2018-09-12,15.95,15.95,16.23,15.84,16.13,644400.0,16.498,17.7838,4.2862,1.1667,2.3061
2018-09-13,15.85,15.85,15.87,15.6,15.75,671300.0,16.356,17.7808,3.4403,1.7,2.1451
2018-09-14,16.29,16.29,16.42,15.8,15.9,1614700.0,16.16,17.7936,5.5641,0.5897,1.9609
2018-09-17,17.07,17.07,17.2,16.3,16.35,478800.0,16.206,17.8124,16.8567,0.25,1.7978
2018-09-18,17.06,17.06,17.25,16.56,17.03,1447700.0,16.444,17.8256,12.7424,22.001,1.6533
2018-09-19,17.29,17.29,17.48,16.75,16.89,1062200.0,16.712,17.8456,6.1035,0.825,1.5052
2018-09-20,17.98,17.98,18.105,17.46,17.69,1020000.0,17.138,17.8822,4.5414,1.2241,1.3497
2018-09-21,18.5,18.5,18.56,17.951,18.02,818400.0,17.58,17.9154,3.1089,0.2687,1.2444
2018-09-24,17.43,17.43,18.6,17.3,18.6,562100.0,17.652,17.9224,17.7767,0.1111,1.159
2018-09-25,17.36,17.36,17.51,16.78,16.92,835200.0,17.712,17.917,10.2908,0.6591,1.1078
2018-09-26,17.67,17.67,17.9,17.38,17.64,518000.0,17.788,17.9012,4.7735,16.333,1.0895
2018-09-27,18.26,18.26,18.43,17.74,17.86,893800.0,17.844,17.8942,5.7728,0.725,1.0795
2018-09-28,17.79,17.79,18.15,17.51,17.95,458300.0,17.702,17.8806,2.499,3.0,1.069
2018-10-01,16.96,16.96,17.62,16.86,17.56,504700.0,17.608,17.8374,17.1467,0.2667,1.0754
2018-10-02,18.03,18.03,18.48,17.56,17.93,980100.0,17.742,17.8086,11.897,8.2,1.0754
2018-10-03,18.8,18.8,19.92,18.71,19.8,1726700.0,17.968,17.7884,10.2926,0.21,1.0808
2018-10-04,18.93,18.93,19.16,18.42,18.58,657200.0,18.102,17.7522,3.1999,1.1143,1.0679
2018-10-05,19.22,19.22,19.61,18.76,19.53,948300.0,18.388,17.7308,3.7792,1.7419,1.0737
2018-10-08,21.95,21.95,22.51,20.56,21.23,5012700.0,19.386,17.7642,21.6733,1.7083,1.2122
2018-10-09,22.72,22.72,23.23,21.86,22.57,1817400.0,20.324,17.8272,6.0145,8.1333,1.3931
2018-10-10,21.06,21.06,22.16,21.06,22.16,1150400.0,20.776,17.8654,3.0887,0.0,1.4642
2018-10-11,20.55,20.55,21.79,20.53,21.74,1093700.0,21.1,17.8988,2.5259,0.0588,1.5114
2018-10-12,20.79,20.79,21.37,20.54,21.37,787300.0,21.414,17.9358,1.6686,0.431,1.5642
2018-10-15,21.4,21.4,21.86,21.21,21.46,791700.0,21.304,17.966,21.49,9.8335,1.6291
2018-10-16,21.86,21.86,22.7,21.52,22.37,1582500.0,21.132,18.0128,14.6817,1.3137,1.713
2018-10-17,22.66,22.66,22.81,21.46,22.14,1411600.0,21.452,18.0796,8.3187,1.5962,1.8282
2018-10-18,22.64,22.64,23.48,22.44,23.13,1488600.0,21.87,18.1628,6.4499,1.1224,1.9348
2018-10-19,22.34,22.34,23.31,22.1,23.11,830500.0,22.18,18.2316,3.0722,0.5714,2.0191
2018-10-22,23.19,23.19,23.79,22.6,23.07,1707200.0,22.538,18.3404,23.1933,8.9166,2.1306
2018-10-23,23.19,23.19,23.2,22.43,23.01,1387800.0,22.804,18.4422,10.2863,3.2778,2.2337
2018-10-24,22.01,22.01,23.4,22.0,23.35,1348300.0,22.674,18.508,6.8184,0.0448,2.287
2018-10-25,22.5,22.5,22.86,21.915,22.48,1864400.0,22.646,18.5856,6.6283,46.2489,2.3524
2018-10-26,23.8,23.8,23.86,22.34,22.57,2013200.0,22.938,18.6794,5.6454,0.2358,2.4581
2018-10-29,23.05,23.05,25.24,22.68,25.05,2344000.0,22.91,18.7658,23.6567,0.28,2.5308
2018-10-30,24.92,24.92,24.94,23.12,23.16,1667700.0,23.256,18.8932,10.1128,0.0341,2.6701
2018-10-31,24.38,24.38,25.41,23.46,25.23,2391200.0,23.73,19.0264,9.1185,1.2941,2.7745
2018-11-01,25.23,25.23,25.62,23.94,24.56,2447700.0,24.276,19.201,6.8946,1.5075,2.8932
2018-11-02,25.32,25.32,25.9,24.69,25.14,813800.0,24.58,19.385,2.1307,5.7222,2.9997
2018-11-05,25.63,25.63,26.5,25.5,26.1,2191300.0,25.096,19.5758,25.8767,1.1277,3.1074
2018-11-06,25.29,25.29,25.92,25.032,25.74,1312700.0,25.17,19.75,9.5208,0.9733,3.1985
2018-11-07,25.0,25.0,25.45,24.53,25.37,1019100.0,25.294,19.922,5.6312,1.4865,3.2707
2018-11-08,24.46,24.46,24.77,23.87,24.55,1061300.0,25.14,20.0798,4.6308,9.0,3.3234
2018-11-09,25.5,25.5,25.74,24.74,25.06,1073600.0,25.176,20.2692,4.0839,1.2727,3.3947
2018-11-12,25.8,25.8,26.1,25.36,25.6,567500.0,25.21,20.4488,25.7533,2.7,3.475
2018-11-13,25.89,25.89,25.95,25.48,25.61,879800.0,25.33,20.6448,15.6674,0.6786,3.5449
2018-11-14,26.17,26.17,26.55,25.39,26.36,1838700.0,25.564,20.8456,14.569,5.1052,3.6164
2018-11-15,27.01,27.01,27.07,25.94,25.94,518800.0,26.074,21.0546,3.637,0.0561,3.7092
2018-11-16,27.7,27.7,27.86,26.69,26.98,675300.0,26.514,21.2632,4.1326,0.625,3.8186
2018-11-19,27.35,27.35,27.54,26.96,27.54,480600.0,26.824,21.4734,27.2833,2.0526,3.9057
2018-11-20,26.75,26.75,27.12,26.35,26.92,486400.0,26.996,21.691,13.4502,3.5294,3.9615
2018-11-21,27.47,27.47,28.03,27.34,27.35,361900.0,27.256,21.9214,7.52,4.7501,4.0301
2018-11-23,27.52,27.52,28.17,27.44,28.06,444500.0,27.358,22.1548,6.9455,0.3519,4.0918
2018-11-26,25.17,25.17,27.06,25.115,27.04,1084900.0,26.852,22.3324,25.7817,0.0401,4.1059
2018-11-27,25.88,25.88,26.07,25.39,25.69,1061100.0,26.558,22.5086,12.747,2.579,4.1322
2018-11-28,26.74,26.74,26.92,25.64,26.39,477300.0,26.556,22.7022,4.8094,2.6571,4.1701
2018-11-29,26.45,26.45,26.81,26.3,26.67,816300.0,26.352,22.8854,6.2938,1.3182,4.1997
2018-11-30,26.99,26.99,27.03,26.36,26.4,624800.0,26.246,23.0656,4.1188,0.1356,4.2362
2018-12-03,25.61,25.61,26.73,25.61,26.62,579200.0,26.334,23.2078,25.9833,0.1089,4.249
2018-12-04,24.79,24.79,25.78,24.25,25.46,784000.0,26.116,23.355,14.3434,1.2836,4.2532
2018-12-06,25.3,25.3,25.39,24.32,24.8,876000.0,25.828,23.5138,9.7816,1.14,4.26
2018-12-07,23.97,23.97,24.93,23.82,24.93,490800.0,25.332,23.6398,4.3579,0.1562,4.2601
2018-12-10,23.47,23.47,24.06,23.313,23.53,783700.0,24.628,23.744,23.6143,11.4497,4.26
2018-12-11,25.26,25.26,25.4,23.55,24.0,941700.0,24.558,23.8934,13.5009,0.4683,4.2644
2018-12-12,25.97,25.97,26.15,25.61,25.74,700400.0,24.794,24.0736,7.481,1.3478,4.271
2018-12-13,26.01,26.01,26.36,25.4,25.69,470200.0,24.936,24.2332,4.209,2.0,4.2783
2018-12-14,25.7,25.7,26.07,25.47,25.82,413700.0,25.282,24.3712,3.2182,4.0,4.28
2018-12-17,24.45,24.45,25.51,24.33,25.51,408500.0,25.478,24.4816,24.7633,0.1132,4.2768
2018-12-18,25.22,25.22,25.52,24.86,24.95,460900.0,25.47,24.6016,13.3594,1.4445,4.2725
2018-12-19,24.81,24.81,25.7,24.29,25.47,668100.0,25.238,24.6588,10.8344,1.1364,4.2313
2018-12-20,26.03,26.03,26.4,25.52,25.86,926000.0,25.242,24.725,9.7668,4.1765,4.1784
2018-12-21,26.26,26.26,26.96,26.17,26.54,697900.0,25.354,24.829,5.842,1.8214,4.1589
2018-12-24,26.33,26.33,26.53,25.96,25.96,113200.0,25.73,24.9446,26.2733,0.5405,4.1465
2018-12-26,26.92,26.92,26.95,25.86,26.71,339700.0,26.07,25.0672,19.934,4.1905,4.1352
2018-12-27,26.95,26.95,27.07,26.01,26.31,314700.0,26.498,25.1782,10.9369,0.6562,4.1142
2018-12-28,27.29,27.29,27.34,26.72,26.94,364500.0,26.75,25.2868,8.7307,0.7714,4.0879
2018-12-31,27.69,27.69,27.92,27.32,27.44,223600.0,27.036,25.3874,27.6433,1.4,4.0493
2019-01-02,28.71,28.71,28.825,27.76,27.78,525300.0,27.512,25.5088,19.9428,0.1452,4.0251
2019-01-03,28.77,28.77,29.06,28.565,29.0,627000.0,27.882,25.6374,13.1235,1.1522,4.0075
2019-01-04,28.99,28.99,29.31,28.44,28.68,393500.0,28.29,25.7534,6.4301,1.8065,3.9748
2019-01-07,28.04,28.04,28.959,28.0,28.91,535100.0,28.44,25.8504,28.333,0.1023,3.9299
2019-01-08,27.79,27.79,28.51,27.61,28.49,986200.0,28.46,25.966,18.1319,0.2857,3.9071
2019-01-09,28.2,28.2,28.53,28.19,28.31,563900.0,28.358,26.08,7.655,2.0909,3.8793
2019-01-10,28.76,28.76,29.29,28.58,28.92,967800.0,28.356,26.1792,9.1539,3.4375,3.8285
2019-01-11,29.96,29.96,30.0,29.02,29.4,1630700.0,28.55,26.3174,10.3266,0.75,3.8152
2019-01-14,30.23,30.23,30.6,30.085,30.26,974600.0,28.988,26.4236,30.305,16.1663,3.7576
2019-01-15,29.68,29.68,30.23,29.65,30.05,735600.0,29.366,26.5296,12.8407,0.5676,3.7074
2019-01-16,29.22,29.22,29.7,29.2,29.68,334200.0,29.57,26.6094,4.8017,0.087,3.6268
2019-01-17,29.48,29.48,29.775,28.85,29.29,543000.0,29.714,26.6926,6.1633,3.8685,3.5503
2019-01-18,29.13,29.13,29.92,28.99,29.81,445200.0,29.548,26.7626,4.3082,0.3676,3.4618
2019-01-22,27.75,27.75,28.78,27.6,28.64,309000.0,29.052,26.8118,28.0433,0.3258,3.3745
2019-01-23,28.54,28.54,28.61,27.79,28.23,312300.0,28.824,26.8826,14.2319,1.6451,3.3056
2019-01-24,28.5,28.5,29.03,28.34,28.5,308300.0,28.68,26.9634,9.4929,6899.0053,3.2543
2019-01-25,28.7,28.7,29.48,28.5,28.75,357300.0,28.524,27.0274,8.0221,18.6003,3.1779
2019-01-28,28.16,28.16,28.31,27.69,28.13,404900.0,28.33,27.0746,28.0533,19.6662,3.0903
2019-01-29,27.84,27.84,28.26,27.61,28.23,401300.0,28.348,27.1136,13.8894,0.6667,3.0017
2019-01-30,28.99,28.99,29.22,28.29,28.58,424900.0,28.438,27.17,9.9515,1.2683,2.9171
2019-01-31,30.25,30.25,30.41,29.9,30.18,1377400.0,28.788,27.2348,15.9399,6.2857,2.8252
2019-02-01,30.32,30.32,30.49,29.97,30.27,617700.0,29.112,27.2872,5.7937,9.4002,2.7087
2019-02-04,30.97,30.97,31.21,30.66,30.99,950500.0,29.674,27.3596,30.9467,26.4993,2.6282
2019-02-05,31.58,31.58,31.84,31.14,31.76,609600.0,30.422,27.4562,12.3163,2.8889,2.5953
2019-02-06,30.04,30.04,30.72,29.97,30.59,320300.0,30.632,27.5076,5.1515,0.3636,2.4996
2019-02-07,29.44,29.44,29.99,28.84,29.93,370600.0,30.47,27.546,4.8442,1.3469,2.3967
2019-02-08,29.66,29.66,29.76,28.66,29.14,343400.0,30.338,27.6358,3.8861,1.1154,2.3801
2019-02-11,29.58,29.58,29.98,29.22,29.97,265000.0,30.06,27.7098,29.5933,0.9487,2.3468
2019-02-12,30.82,30.82,31.24,29.87,29.88,912600.0,29.908,27.7914,23.7475,0.4574,2.3162
2019-02-13,30.46,30.46,30.71,30.21,30.56,292900.0,29.992,27.8716,6.0671,4.0,2.2902
2019-02-14,30.84,30.84,31.11,29.54,29.73,465300.0,30.272,27.9486,7.3304,0.4144,2.2592
2019-02-15,30.95,30.95,31.17,30.25,30.65,358400.0,30.53,28.0554,4.81,2.0667,2.2707
2019-02-19,30.95,30.95,31.81,30.4,30.98,594200.0,30.804,28.1786,31.0533,46.0019,2.2953
2019-02-20,30.45,30.45,31.27,30.35,30.97,405500.0,30.73,28.2816,12.4485,0.7692,2.3019
2019-02-21,29.69,29.69,30.06,29.5,29.93,444300.0,30.576,28.396,9.1537,1.3333,2.3087
2019-02-22,30.1,30.1,30.24,29.69,29.9,550100.0,30.428,28.5286,8.2787,1.75,2.3191
2019-02-25,30.39,30.39,30.91,30.38,30.6,321300.0,30.316,28.6312,30.56,1.5238,2.3243
2019-02-26,30.75,30.75,30.9,30.18,30.31,198100.0,30.276,28.7268,11.6747,0.6364,2.3265
2019-02-27,30.42,30.42,30.57,30.34,30.42,143500.0,30.27,28.815,6.5902,2298.9954,2.324
2019-02-28,29.77,29.77,30.37,29.57,29.94,322900.0,30.286,28.8964,9.7949,3.7059,2.3197
2019-03-01,28.95,28.95,29.37,28.81,29.16,435100.0,30.056,28.9864,8.8935,1.6667,2.3197
2019-03-04,29.01,29.01,29.24,28.58,28.93,121300.0,29.78,29.0622,28.9433,7.25,2.318
2019-03-05,29.45,29.45,29.69,28.925,29.13,355300.0,29.52,29.155,21.8838,1.3906,2.3183
2019-03-06,28.69,28.69,29.87,28.45,29.48,454300.0,29.174,29.2082,14.1543,0.7975,2.3121
2019-03-07,28.11,28.11,28.71,27.84,28.68,317900.0,28.842,29.2452,7.1838,0.5263,2.3088
2019-03-08,28.65,28.65,28.73,27.77,27.93,454500.0,28.782,29.2916,7.5737,0.3333,2.3023
2019-03-11,30.77,30.77,31.18,30.49,30.94,843800.0,29.134,29.3686,30.8133,3.0588,2.2959
2019-03-12,31.37,31.37,31.91,30.94,30.99,1194200.0,29.518,29.457,18.4033,1.5526,2.2982
2019-03-13,31.7,31.7,31.76,30.89,31.12,419100.0,30.12,29.5452,5.3643,0.5,2.3009
2019-03-14,31.9,31.9,32.67,31.69,32.24,511700.0,30.878,29.6294,5.5304,1.8823,2.3003
2019-03-15,32.22,32.22,32.74,32.16,32.19,337600.0,31.592,29.6996,3.3055,18.3317,2.2833
2019-03-18,33.17,33.17,33.33,32.11,32.21,361100.0,32.072,29.7876,32.87,0.2708,2.2904
2019-03-19,33.22,33.22,34.09,33.14,33.26,446200.0,32.442,29.8722,18.5065,22.7517,2.2936
2019-03-20,32.71,32.71,33.38,32.14,33.38,633000.0,32.644,29.9656,14.3904,0.8507,2.3055
2019-03-21,32.29,32.29,33.13,31.06,33.05,445500.0,32.722,30.0556,7.5975,1.7237,2.3127
2019-03-22,30.24,30.24,31.41,30.14,31.23,499800.0,32.326,30.0964,6.4102,0.2828,2.2933
2019-03-25,30.5,30.5,31.11,29.85,29.87,427500.0,31.792,30.1312,30.4867,1.0,2.2646
2019-03-26,30.64,30.64,30.9,29.88,30.54,665400.0,31.276,30.1448,18.5533,9.2002,2.2064
2019-03-27,28.51,28.51,29.825,28.32,29.65,816600.0,30.436,30.1104,12.3527,0.3202,2.1516
2019-03-28,28.31,28.31,28.51,27.3,27.6,875500.0,29.64,30.083,8.8147,0.7042,2.1199
2019-03-29,29.21,29.21,29.26,28.52,28.58,416100.0,29.434,30.0828,3.7692,0.1746,2.0911
2019-04-01,30.01,30.01,30.06,29.54,29.64,442100.0,29.336,30.0934,29.87,0.4054,2.0537
2019-04-02,29.98,29.98,30.05,29.56,29.95,226200.0,29.204,30.1104,10.1079,15.334,2.0263
2019-04-03,30.29,30.29,30.58,29.55,29.58,963700.0,29.56,30.1612,17.7977,0.4507,2.022
2019-04-04,30.07,30.07,30.3,29.6,30.0,551200.0,29.912,30.1918,7.5717,9.0,2.0085
2019-04-05,29.03,29.03,29.65,29.01,29.54,296400.0,29.876,30.2024,3.494,0.2549,2.0035
2019-04-08,28.16,28.16,28.76,28.07,28.76,465300.0,29.506,30.1916,28.33,0.15,2.0102
2019-04-09,27.78,27.78,28.09,27.27,27.67,833600.0,29.066,30.184,17.7857,6.4545,2.0329
2019-04-10,28.1,28.1,28.43,27.94,28.38,456200.0,28.628,30.1892,7.3187,0.75,2.0517
2019-04-11,27.1,27.1,27.86,27.06,27.77,741700.0,28.034,30.1514,8.1216,0.194,2.0808
2019-04-12,25.99,25.99,27.24,25.66,26.8,526600.0,27.426,30.0662,4.5802,0.9506,2.1166
2019-04-15,25.45,25.45,25.95,25.33,25.87,606100.0,26.884,29.9688,25.5767,0.4762,2.169
2019-04-16,25.4,25.4,25.6,25.24,25.4,511800.0,26.408,29.8574,11.6348,3599.0061,2.2003
2019-04-17,24.18,24.18,25.55,23.74,25.4,915900.0,25.624,29.7094,11.0288,0.4836,2.2611
2019-04-18,25.88,25.88,26.23,24.28,24.6,1080800.0,25.38,29.6262,8.8361,0.5234,2.2945
2019-04-22,25.77,25.77,26.055,25.31,25.67,687300.0,25.336,29.5528,4.6481,6.45,2.3408
2019-04-23,26.06,26.06,26.48,25.85,26.02,665100.0,25.458,29.4808,3.8905,14.7504,2.3731
2019-04-24,25.24,25.24,25.91,24.91,25.7,499200.0,25.426,29.394,2.5485,1.1739,2.4304
2019-04-25,25.13,25.13,25.59,24.81,25.2,635200.0,25.616,29.2802,2.855,10.1426,2.4633
2019-04-26,25.45,25.45,25.84,25.13,25.25,319400.0,25.53,29.18,1.3742,2.55,2.4924
2019-04-29,25.53,25.53,25.945,25.5,25.79,456000.0,25.482,29.0738,25.6583,0.7115,2.5092
2019-04-30,25.96,25.96,26.1,25.34,25.55,398100.0,25.462,28.974,12.0255,0.8537,2.512
2019-05-01,25.65,25.65,26.2,25.58,25.98,466600.0,25.544,28.868,9.1186,0.8788,2.5226
2019-05-02,26.15,26.15,26.19,25.56,25.65,293700.0,25.748,28.782,4.724,0.26,2.5314
2019-05-03,27.14,27.14,27.52,26.61,26.79,762800.0,26.086,28.731,8.6927,1.6,2.5348
2019-05-06,26.6,26.6,27.26,26.55,26.81,478400.0,26.3,28.661,26.8033,2.381,2.5418
2019-05-07,26.45,26.45,26.54,25.3,25.86,495900.0,26.398,28.5822,13.2827,1.1017,2.5475
2019-05-08,28.25,28.25,28.54,27.47,27.55,731900.0,26.918,28.5322,12.0482,0.5286,2.5317
2019-05-09,28.55,28.55,28.68,27.36,27.71,513700.0,27.398,28.4948,6.5249,0.5714,2.5215
2019-05-10,28.93,28.93,29.13,28.1,29.0,469100.0,27.756,28.478,5.0102,13.7143,2.5193
2019-05-13,27.53,27.53,27.99,27.07,27.96,476600.0,27.942,28.4496,27.53,1.1395,2.5226
2019-05-14,26.39,26.39,27.4,26.26,27.4,609400.0,27.93,28.3972,14.9731,0.1287,2.5386
2019-05-15,25.86,25.86,25.94,24.905,25.15,590500.0,27.452,28.3254,9.0057,0.4577,2.562
2019-05-16,24.85,24.85,25.38,24.61,25.32,861900.0,26.712,28.2486,8.4705,0.6383,2.6057
2019-05-17,23.94,23.94,24.75,23.7,23.75,832400.0,25.714,28.1652,5.9588,4.5263,2.6685
2019-05-20,24.35,24.35,24.49,23.51,23.93,524800.0,25.078,28.0792,24.1167,1.3333,2.7186
2019-05-21,25.85,25.85,26.14,24.9,24.94,470300.0,24.97,27.9808,12.1131,0.3626,2.7281
2019-05-22,26.4,26.4,26.5,25.79,26.46,415700.0,25.078,27.8814,7.7288,10.8334,2.7227
2019-05-23,25.97,25.97,26.98,25.59,25.77,282000.0,25.302,27.7668,4.3613,5.95,2.7175
2019-05-24,26.38,26.38,26.61,26.1,26.17,257600.0,25.79,27.6564,3.4819,1.4286,2.7045
2019-05-28,28.23,28.23,28.58,26.79,27.0,829400.0,26.566,27.5766,27.8667,0.4553,2.6825
2019-05-29,28.68,28.68,29.13,28.37,28.8,894300.0,27.132,27.4868,14.9041,5.3334,2.6449
2019-05-30,29.48,29.48,30.26,28.87,28.87,728700.0,27.748,27.412,8.7765,1.2787,2.6186
2019-05-31,29.77,29.77,30.31,29.304,29.33,683600.0,28.508,27.3532,6.4948,1.2864,2.6121
2019-06-03,30.42,30.42,30.74,29.83,30.27,1104500.0,29.316,27.3158,30.33,5.0667,2.6298
2019-06-04,30.89,30.89,31.065,30.62,30.79,661800.0,29.848,27.3288,11.562,3.4501,2.6775
2019-06-05,31.18,31.18,32.05,30.87,31.36,618000.0,30.348,27.3424,8.1301,5.5555,2.7315
2019-06-06,32.85,32.85,32.91,31.77,32.22,1347500.0,31.022,27.3866,11.7389,0.8095,2.8378
2019-06-07,33.5,33.5,33.94,32.836,32.87,873900.0,31.768,27.4864,6.3422,0.7524,2.9538
2019-06-10,33.87,33.87,33.95,32.9,33.27,551500.0,32.458,27.5976,33.5733,0.75,3.0739
2019-06-11,33.8,33.8,34.22,32.66,34.08,776000.0,33.04,27.6894,19.6177,4.5714,3.1907
2019-06-12,33.96,33.96,34.57,33.54,33.54,428100.0,33.596,27.7684,8.2965,1.4524,3.3086
2019-06-13,34.26,34.26,34.65,34.03,34.34,354200.0,33.878,27.854,5.7606,6.7499,3.4304
2019-06-14,33.54,33.54,34.415,33.18,34.02,725400.0,33.886,27.919,8.6253,1.5729,3.5212
2019-06-17,34.25,34.25,34.3,33.41,33.77,399600.0,33.962,28.0026,33.9867,0.8542,3.6304
2019-06-18,35.0,35.0,35.6,34.13,34.31,531300.0,34.202,28.122,19.9245,1.1304,3.7547
2019-06-19,35.16,35.16,35.45,34.59,34.8,327500.0,34.442,28.262,9.1261,1.3889,3.8687
2019-06-20,35.7,35.7,36.08,35.42,35.62,287700.0,34.73,28.4204,6.6493,7.2499,3.9889
2019-06-21,34.32,34.32,35.42,34.15,35.27,878800.0,34.886,28.5448,12.5501,0.3368,4.0609
2019-06-24,34.25,34.25,34.75,33.92,34.65,530500.0,34.886,28.6878,34.3067,1.075,4.1139
2019-06-25,32.98,32.98,33.93,32.71,33.93,669900.0,34.482,28.8276,18.5314,0.2842,4.1154
2019-06-26,32.96,32.96,33.92,32.35,33.88,615600.0,34.042,28.9778,11.2126,0.7065,4.1043
2019-06-27,32.96,32.96,33.26,32.16,32.64,956100.0,33.494,29.129,11.3105,2.4375,4.0916
2019-06-28,33.44,33.44,33.73,33.17,33.5,429400.0,33.318,29.3142,4.486,8.3331,4.0583
2019-07-01,33.0,33.0,34.12,32.69,34.0,419000.0,33.068,29.4566,33.27,0.43,4.0547
2019-07-02,32.85,32.85,33.26,32.32,32.85,471700.0,33.042,29.5982,17.3756,9398.9863,4.0455
2019-07-03,33.85,33.85,34.22,33.52,33.75,669100.0,33.22,29.754,14.5262,6.0001,4.058
2019-07-05,38.05,38.05,38.3,35.64,36.33,1888700.0,34.238,30.0102,20.4452,0.5465,4.1731
2019-07-08,38.27,38.27,38.96,38.1,38.46,732500.0,35.204,30.273,38.4433,3.5264,4.2836
2019-07-09,38.5,38.5,38.65,37.8,37.89,334600.0,36.304,30.534,12.0146,0.3934,4.3978
2019-07-10,39.87,39.87,40.66,38.95,39.08,1190700.0,37.708,30.8208,21.0035,1.1646,4.5527
2019-07-11,39.57,39.57,39.72,38.46,39.5,593000.0,38.852,31.093,8.1645,17.0001,4.6886
2019-07-12,39.14,39.14,39.97,38.94,39.68,311500.0,39.07,31.3628,3.8761,0.9074,4.7943
2019-07-15,39.46,39.46,40.05,38.95,39.07,451500.0,39.308,31.629,39.4867,1.8205,4.9064
2019-07-16,39.72,39.72,39.79,39.2,39.22,442100.0,39.552,31.8806,19.5769,0.18,5.0251
2019-07-17,39.5,39.5,39.795,38.94,39.74,410700.0,39.478,32.1386,12.41,2.5625,5.1235
2019-07-18,39.97,39.97,40.15,39.33,39.35,247200.0,39.558,32.409,6.344,0.3226,5.2252
2019-07-19,39.52,39.52,40.26,39.36,39.83,270800.0,39.634,32.6344,5.9015,1.9032,5.315
2019-07-22,40.01,40.01,40.39,39.53,39.71,250500.0,39.744,32.8636,39.9767,1.8667,5.4103
2019-07-23,38.71,38.71,40.03,38.63,40.02,602000.0,39.542,33.0592,27.6273,0.0687,5.4686
2019-07-24,39.32,39.32,39.71,39.04,39.29,378600.0,39.506,33.295,12.1033,21.3342,5.533
2019-07-25,39.0,39.0,39.12,37.89,38.94,475500.0,39.312,33.5472,10.7744,19.4995,5.5793
2019-07-26,40.92,40.92,41.26,40.07,40.57,613700.0,39.592,33.8484,10.778,2.4,5.6575
2019-07-29,41.94,41.94,41.96,40.44,40.64,390100.0,39.978,34.1902,41.4467,0.1692,5.7426
2019-07-30,41.78,41.78,42.31,41.3,41.75,407900.0,40.592,34.547,21.3645,32.6681,5.8023
2019-07-31,40.7,40.7,42.44,40.07,42.22,419100.0,40.868,34.874,14.1422,0.5592,5.8367
2019-08-01,41.66,41.66,42.41,40.6,40.66,609300.0,41.4,35.1902,13.8636,0.81,5.9003
2019-08-02,41.25,41.25,41.77,40.38,41.44,364100.0,41.466,35.4872,6.8371,6.3158,5.9527
2019-08-05,39.11,39.11,39.98,38.35,39.77,328300.0,40.9,35.75,39.1467,1.4697,5.9662
2019-08-06,40.07,40.07,40.35,39.42,39.81,171500.0,40.558,36.0238,13.7072,2.5769,5.9908
2019-08-07,40.04,40.04,40.13,38.59,39.59,356500.0,40.426,36.26,16.481,2.4222,6.0139
2019-08-08,41.66,41.66,41.74,40.87,41.27,530400.0,40.426,36.5196,15.844,1.2308,6.0554
2019-08-09,41.93,41.93,43.136,41.64,42.65,398600.0,40.562,36.7686,9.4298,1.0778,6.0922
2019-08-12,40.92,40.92,41.19,38.54,39.26,537800.0,40.924,36.9916,40.2167,0.5964,6.1079
2019-08-13,40.71,40.71,41.72,39.23,40.07,520400.0,41.052,37.1974,19.9433,2.8906,6.1123
2019-08-14,37.98,37.98,40.023,37.64,39.58,722700.0,40.64,37.3392,15.6429,0.4894,6.0922
2019-08-15,37.74,37.74,38.53,37.02,38.09,353200.0,39.856,37.4704,6.2499,3.3143,6.0681
2019-08-16,37.64,37.64,38.39,37.28,38.12,578700.0,38.998,37.5662,8.0572,1.3125,6.0187
2019-08-19,36.53,36.53,38.48,36.06,38.48,316900.0,38.12,37.6268,37.0233,0.241,5.9604
2019-08-20,36.67,36.67,37.06,35.6,35.99,407100.0,37.312,37.6828,20.4918,1.1471,5.8957
2019-08-21,37.55,37.55,37.72,36.9,37.13,369500.0,37.226,37.7578,12.6343,0.9524,5.8321
2019-08-22,35.89,35.89,37.27,35.82,37.21,359400.0,36.856,37.7964,8.986,0.0985,5.7723
2019-08-23,34.25,34.25,35.801,33.96,35.15,587400.0,36.178,37.7962,9.9815,1.0456,5.7228
2019-08-26,33.39,33.39,34.79,33.19,34.56,475300.0,35.55,37.7932,33.79,0.3675,5.7014
2019-08-27,33.02,33.02,33.93,32.31,33.64,854800.0,34.82,37.7686,21.2634,1.6129,5.6724
2019-08-28,33.33,33.33,33.7,32.85,33.05,721100.0,33.976,37.7352,11.7043,2.0357,5.623
2019-08-29,35.17,35.17,35.3,32.695,33.54,1036800.0,33.832,37.7354,11.5459,0.5982,5.5496
2019-08-30,35.12,35.12,35.995,34.53,35.65,1035400.0,34.006,37.7238,8.8426,1.7641,5.4657
2019-09-03,33.18,33.18,34.69,32.81,34.12,954400.0,33.964,37.701,33.56,1.0,5.4421
2019-09-04,34.36,34.36,34.43,33.42,33.76,290600.0,34.232,37.7032,7.9524,0.6833,5.4056
2019-09-05,35.99,35.99,36.14,35.34,35.36,468900.0,34.764,37.7634,9.8008,0.2698,5.3795
2019-09-06,36.13,36.13,37.49,36.06,36.99,581500.0,34.956,37.8268,9.2618,0.6628,5.3553
2019-09-09,35.02,35.02,36.58,34.82,36.09,622900.0,34.936,37.868,35.4733,0.6449,5.343
2019-09-10,35.08,35.08,35.1,34.33,34.79,209700.0,35.316,37.9008,8.774,1.6552,5.326
2019-09-11,36.39,36.39,36.925,35.87,35.94,875100.0,35.722,37.9686,18.6504,1.3444,5.3071
2019-09-12,38.37,38.37,38.815,36.87,37.39,562200.0,36.198,38.079,9.4162,0.9847,5.2873
2019-09-13,37.32,37.32,38.84,37.24,38.75,288200.0,36.436,38.1484,4.2586,0.1189,5.2568
2019-09-16,34.39,34.39,36.14,34.11,36.07,2433000.0,36.31,38.0752,34.88,0.2083,5.1587
2019-09-17,35.76,35.76,36.03,34.81,35.11,783300.0,36.446,38.025,8.6538,0.8769,5.0434
2019-09-18,35.96,35.96,36.01,34.99,35.39,522600.0,36.36,37.9742,4.9834,0.7895,4.9242
2019-09-19,35.53,35.53,36.35,35.45,36.05,355500.0,35.792,37.8874,3.1063,0.7308,4.7667
2019-09-20,34.95,34.95,35.32,34.52,35.26,617900.0,35.318,37.795,4.5802,1.5807,4.631
2019-09-23,34.52,34.52,34.68,34.34,34.59,314600.0,35.344,37.7026,34.5133,3.8572,4.521
2019-09-24,34.09,34.09,34.85,33.85,34.81,297500.0,35.01,37.5952,16.6531,0.3889,4.4112
2019-09-25,34.88,34.88,35.11,33.65,33.66,313800.0,34.794,37.4984,11.7083,0.1967,4.2856
2019-09-26,35.94,35.94,35.98,34.98,35.35,408300.0,34.876,37.4272,10.9047,0.6949,4.1626
2019-09-27,35.69,35.69,35.91,35.09,35.09,408600.0,35.024,37.3416,8.3378,0.3667,4.0296
2019-09-30,35.82,35.82,36.01,35.32,35.73,380700.0,35.284,37.2676,35.7167,6.6666,3.9156
2019-10-01,35.23,35.23,35.91,34.79,35.91,378100.0,35.512,37.172,17.5945,0.6471,3.7929
2019-10-02,34.77,34.77,34.83,33.75,34.65,672500.0,35.49,37.0932,16.1864,8.0001,3.7222
2019-10-03,36.43,36.43,36.86,34.64,35.01,944000.0,35.588,37.0354,14.298,0.5634,3.6244
2019-10-04,37.78,37.78,37.86,36.34,36.6,613800.0,36.006,37.011,7.6649,0.2881,3.5431
2019-10-07,36.97,36.97,37.87,36.78,37.7,248700.0,36.236,36.932,37.2067,0.4932,3.399
2019-10-08,36.65,36.65,37.85,36.59,37.25,707700.0,36.52,36.8262,27.4008,1.1,3.2176
2019-10-09,36.18,36.18,37.32,36.1,37.31,516600.0,36.802,36.7142,12.8127,0.0796,3.0516
2019-10-10,36.06,36.06,36.3,35.67,35.8,403400.0,36.728,36.6214,7.7417,1.4231,2.9393
2019-10-11,36.84,36.84,37.149,36.23,36.33,492300.0,36.54,36.525,7.6358,0.802,2.7937
2019-10-14,37.22,37.22,37.38,36.74,36.74,263000.0,36.59,36.4444,37.1133,0.3333,2.6744
2019-10-15,36.75,36.75,37.315,36.74,37.03,285600.0,36.61,36.3972,19.2283,1.0536,2.6323
2019-10-16,36.82,36.82,36.91,36.0,36.24,367900.0,36.738,36.3322,14.6825,0.569,2.5703
2019-10-17,36.78,36.78,37.72,36.72,37.68,441700.0,36.882,36.267,12.0566,0.1111,2.5151
2019-10-18,37.09,37.09,37.21,36.51,36.67,342000.0,36.932,36.1756,7.4299,0.6667,2.4112
2019-10-21,36.96,36.96,37.162,36.55,36.8,280400.0,36.88,36.0762,36.8907,2.825,2.3015
2019-10-22,38.99,38.99,39.04,37.26,37.29,939400.0,37.328,36.0376,29.596,0.0471,2.2721
2019-10-23,38.7,38.7,39.22,38.43,38.43,389300.0,37.704,35.9974,9.3831,1.9259,2.2499
2019-10-24,39.18,39.18,39.62,38.72,39.0,382600.0,38.184,36.0214,7.5251,4.0,2.292
2019-10-25,39.0,39.0,40.11,38.91,39.29,562300.0,38.566,36.0466,8.6613,3.1379,2.3294
2019-10-28,39.72,39.72,40.16,39.384,39.66,577600.0,39.118,36.0882,39.7547,11.9331,2.3854
2019-10-29,39.96,39.96,39.98,39.37,39.4,347800.0,39.312,36.1568,14.9471,0.0893,2.4403
2019-10-30,39.96,39.96,40.115,39.14,39.56,403000.0,39.564,36.2226,12.0555,1.4375,2.4928
2019-10-31,38.98,38.98,39.89,38.7,39.89,355700.0,39.524,36.2512,8.2773,0.3077,2.5223
2019-11-01,40.14,40.14,40.29,39.21,39.25,466300.0,39.752,36.3362,8.6477,0.2135,2.5649
2019-11-04,40.07,40.07,40.55,39.67,40.49,217500.0,39.822,36.4526,40.0967,1.0952,2.5669
2019-11-05,39.93,39.93,40.17,39.31,40.12,364600.0,39.816,36.5834,24.9309,3.5263,2.5348
2019-11-06,38.27,38.27,39.2,38.04,39.02,282500.0,39.478,36.6884,12.5806,0.5467,2.4544
2019-11-07,38.22,38.22,38.71,37.13,37.87,661600.0,39.326,36.7862,16.4815,3.5143,2.3827
2019-11-08,36.13,36.13,37.55,35.75,37.3,792800.0,38.524,36.8054,12.4703,0.5385,2.3568
2019-11-11,36.54,36.54,36.71,35.76,35.93,571800.0,37.818,36.8338,36.3367,0.5574,2.3283
2019-11-12,35.01,35.01,35.91,34.95,35.61,529400.0,36.834,36.8704,16.9656,0.6,2.2542
2019-11-13,34.57,34.57,34.97,34.15,34.76,374300.0,36.094,36.8746,8.7679,3.3158,2.228
2019-11-14,35.9,35.9,36.08,35.12,35.22,661700.0,35.63,36.8728,11.0531,0.4118,2.2181
2019-11-15,37.14,37.14,37.28,35.92,35.93,547700.0,35.832,36.893,7.5029,0.124,2.2054
2019-11-18,36.21,36.21,37.14,36.09,36.99,795600.0,35.766,36.9168,36.48,0.3461,2.1706
2019-11-19,35.99,35.99,36.25,35.57,36.2,238700.0,35.962,36.935,8.2936,2.2381,2.1378
2019-11-20,36.22,36.22,36.31,35.9,35.97,230500.0,36.292,36.9316,6.5868,0.64,2.1285
2019-11-21,37.29,37.29,37.34,36.31,36.78,556500.0,36.57,36.91,11.2993,1.0196,2.1288
2019-11-22,38.9,38.9,38.93,37.81,37.93,708000.0,36.922,36.9416,10.79,0.1546,2.1435
2019-11-25,38.27,38.27,38.69,38.09,38.25,407900.0,37.334,37.0192,38.35,28.9992,2.0867
2019-11-26,36.28,36.28,37.28,35.35,36.27,796700.0,37.392,37.0296,24.0103,192.0324,2.0647
2019-11-27,35.86,35.86,36.14,35.45,35.87,324100.0,37.32,37.0276,7.5935,68.0114,2.0516
2019-11-29,37.24,37.24,37.81,36.86,37.36,230700.0,37.31,37.0618,4.8914,6.9167,2.0245
2019-12-02,37.55,37.55,37.71,37.31,37.43,305200.0,37.04,37.1138,37.5233,2.3333,1.9851
2019-12-03,38.2,38.2,38.2,37.4,37.66,378900.0,37.026,37.1874,21.01,0.4815,1.9387
2019-12-04,37.8,37.8,38.6,37.76,38.59,270600.0,37.33,37.2616,10.7858,0.0633,1.8758
2019-12-05,38.2,38.2,38.65,37.86,37.94,420300.0,37.798,37.328,11.6879,2.0384,1.843
2019-12-06,39.15,39.15,39.68,37.92,38.72,995000.0,38.18,37.3922,16.3384,3.093,1.8477
2019-12-09,39.47,39.47,39.91,39.2,39.64,262900.0,38.564,37.4678,39.5267,3.1765,1.8546
2019-12-10,38.53,38.53,38.6,37.88,38.48,400100.0,38.63,37.522,23.135,13.4002,1.8488
2019-12-11,39.71,39.71,39.88,39.0,39.4,389400.0,39.012,37.6116,14.6266,1.8387,1.8522
2019-12-12,40.26,40.26,40.51,39.51,39.51,193600.0,39.424,37.7214,6.2296,0.3333,1.8579
2019-12-13,41.45,41.45,41.59,40.7,41.0,400900.0,39.884,37.8218,10.0406,0.9778,1.9255
2019-12-16,42.09,42.09,42.28,41.785,42.28,374500.0,40.408,37.908,42.0517,1.6053,2.0114
2019-12-17,41.81,41.81,42.15,41.61,41.95,305200.0,41.064,38.0048,18.7945,2.8572,2.0821
2019-12-18,42.44,42.44,42.82,41.99,42.26,286600.0,41.61,38.1206,12.5806,3.6111,2.1697
2019-12-19,42.49,42.49,42.77,41.8,41.8,531300.0,42.056,38.2468,15.0256,0.4058,2.2499
2019-12-20,41.56,41.56,42.19,41.27,41.77,431000.0,42.078,38.3568,9.3131,3.381,2.2937
2019-12-23,42.33,42.33,42.65,41.7,41.94,176800.0,42.126,38.4666,42.2267,1.4359,2.3574
2019-12-24,42.16,42.16,42.5,42.01,42.32,58100.0,42.196,38.5654,10.4435,2.0625,2.4091
2019-12-26,42.24,42.24,42.63,42.08,42.52,717200.0,42.156,38.6752,31.8764,0.9643,2.4608
2019-12-27,42.63,42.63,42.63,41.9,42.31,637100.0,42.184,38.7914,16.9925,1.2813,2.519
2019-12-30,43.32,43.32,43.8,42.74,42.98,262800.0,42.536,38.9222,43.2867,2.1176,2.5937
2019-12-31,42.8,42.8,43.63,42.31,43.1,140600.0,42.63,39.0364,14.9569,3.4,2.6445
2020-01-02,43.59,43.59,44.08,43.15,43.61,532300.0,42.916,39.169,24.8069,45.499,2.7146
2020-01-03,42.04,42.04,43.03,42.0,42.59,431200.0,42.876,39.23,13.3618,0.8727,2.7116
2020-01-06,40.45,40.45,41.04,40.23,40.47,431200.0,42.44,39.265,40.5733,39.4991,2.6897
2020-01-07,41.7,41.7,42.07,40.5,40.74,556500.0,42.116,39.3154,23.3392,0.6354,2.6737
2020-01-08,42.04,42.04,42.63,41.3,41.56,633800.0,41.964,39.3762,16.4127,1.7708,2.6676
2020-01-09,41.84,41.84,42.79,41.77,42.43,320100.0,41.614,39.4186,6.9463,0.7288,2.64
2020-01-10,41.92,41.92,42.68,41.66,42.61,276900.0,41.59,39.4578,5.253,0.4783,2.608
2020-01-13,42.0,42.0,42.2,41.76,41.87,573200.0,41.9,39.4986,41.9867,2.3846,2.5783
2020-01-14,42.66,42.66,43.0,42.06,42.38,411300.0,42.092,39.5722,17.7861,2.3572,2.5863
2020-01-15,42.36,42.36,42.7,42.11,42.58,152500.0,42.156,39.6166,5.6856,1.6818,2.5594
2020-01-16,42.33,42.33,43.32,42.28,43.04,332100.0,42.254,39.6618,9.6398,0.4648,2.5359
2020-01-17,44.02,44.02,44.06,42.92,43.24,291300.0,42.674,39.7436,7.2257,0.4615,2.5637
2020-01-21,42.82,42.82,43.58,42.61,43.49,349200.0,42.838,39.8346,43.0033,0.4478,2.5886
2020-01-22,42.72,42.72,43.65,41.93,43.53,411000.0,42.85,39.9246,23.1217,1.1235,2.6108
2020-01-23,43.83,43.83,44.01,41.85,42.0,325800.0,43.144,40.0786,12.969,0.1803,2.6624
2020-01-24,42.6,42.6,44.11,42.44,43.76,368100.0,43.198,40.1998,10.8979,0.4397,2.6836
2020-01-27,40.75,40.75,41.6,40.24,40.93,486900.0,42.544,40.3146,40.8633,6.5555,2.6714
2020-01-28,44.3,44.3,44.55,41.75,43.46,580500.0,42.84,40.5092,23.6754,2.3333,2.7051
2020-01-29,42.31,42.31,43.91,42.1,43.75,297900.0,42.758,40.6374,9.3329,0.2569,2.712
2020-01-30,42.03,42.03,42.15,40.45,40.45,555700.0,42.398,40.7352,12.0175,0.076,2.7179
2020-01-31,41.5,41.5,41.68,40.88,41.16,422300.0,42.178,40.841,7.4525,1.3529,2.7177
2020-02-03,42.74,42.74,43.3,42.08,42.14,226500.0,42.576,40.976,42.7067,1.0333,2.7258
2020-02-04,42.81,42.81,43.3,42.62,42.88,169100.0,42.278,41.1078,18.342,8.7143,2.7346
2020-02-05,43.43,43.43,43.75,43.18,43.72,200100.0,42.502,41.2306,14.5963,0.9655,2.7517
2020-02-06,41.32,41.32,43.24,41.2,43.22,410900.0,42.36,41.279,17.112,0.0737,2.7377
2020-02-07,39.31,39.31,40.95,39.21,40.7,602200.0,41.922,41.2998,14.9065,0.2518,2.7465
2020-02-10,39.17,39.17,39.4,38.39,39.0,557300.0,41.208,41.3576,38.9867,4.9413,2.7618
2020-02-11,40.29,40.29,40.75,39.84,40.23,431700.0,40.704,41.4462,17.5881,14.1663,2.7617
2020-02-12,40.9,40.9,41.75,40.6,40.92,337000.0,40.198,41.5194,10.4412,56.5097,2.763
2020-02-13,40.46,40.46,40.87,40.22,40.39,180400.0,40.026,41.5776,4.8521,8.2857,2.7668
2020-02-14,41.52,41.52,41.64,41.02,41.04,237600.0,40.468,41.644,5.6394,0.2917,2.7631
2020-02-18,39.57,39.57,40.53,39.33,40.53,329100.0,40.548,41.6794,39.81,0.25,2.7782
2020-02-19,39.82,39.82,40.27,39.495,39.95,238900.0,40.454,41.7118,16.7658,4.9615,2.7883
2020-02-20,38.5,38.5,39.2,38.2,39.17,482000.0,39.974,41.6988,17.7345,0.4925,2.8138
2020-02-21,37.83,37.83,38.39,37.465,37.55,533900.0,39.448,41.666,12.7736,2.3035,2.8516
2020-02-24,36.07,36.07,36.62,35.41,36.05,409700.0,38.358,41.6168,36.0333,59.4986,2.9541
2020-02-25,35.0,35.0,36.23,34.93,36.07,401700.0,37.444,41.5226,17.5189,0.215,3.0805
2020-02-26,32.55,32.55,34.89,32.27,34.68,1667900.0,35.99,41.3684,22.3593,0.23,3.3039
2020-02-27,30.31,30.31,32.355,29.77,30.33,1464000.0,34.352,41.1456,11.4392,128.247,3.6056
2020-02-28,29.5,29.5,29.97,28.345,28.62,1189300.0,32.686,40.8938,6.7827,0.8466,3.9048
2020-03-02,30.05,30.05,30.43,29.51,30.31,1257200.0,31.482,40.6586,29.9967,2.5385,4.1483
2020-03-03,29.15,29.15,31.1,28.99,30.06,1136000.0,30.312,40.3928,14.1201,1.3187,4.4004
2020-03-04,29.26,29.26,30.41,28.6,29.7,1271700.0,29.654,40.1282,10.2097,3.1136,4.6223
2020-03-05,24.89,24.89,27.5,24.51,27.42,1507800.0,28.57,39.7948,7.4719,0.1818,5.06
2020-03-06,24.66,24.66,25.75,22.86,23.01,1649300.0,27.602,39.4414,5.9046,0.7515,5.4475
2020-03-09,20.06,20.06,22.56,17.92,21.8,1228700.0,25.604,38.9994,20.18,1.6667,6.049
2020-03-10,23.15,23.15,23.26,20.85,22.46,911100.0,24.404,38.6176,9.5462,2.4928,6.4126
2020-03-11,19.17,19.17,22.59,18.04,22.26,1455900.0,22.386,38.1484,8.071,0.4725,6.9304
2020-03-12,12.42,12.42,16.58,11.9,14.84,3591000.0,19.892,37.5304,6.8122,0.9339,7.7623
2020-03-13,15.52,15.52,15.78,12.84,15.69,2419000.0,18.064,36.9848,3.7053,16.2942,8.3178
2020-03-16,9.77,9.77,12.57,9.19,12.5,2556800.0,16.006,36.3084,10.51,0.2381,9.1039
2020-03-17,9.46,9.46,9.67,7.1,9.35,2826400.0,13.268,35.6568,4.5906,22.3637,9.8208
2020-03-18,6.01,6.01,7.94,5.37,7.41,2281900.0,10.636,34.968,1.9172,0.8357,10.6391
2020-03-19,7.07,7.07,7.83,5.3,5.87,2540100.0,9.566,34.2754,1.6759,1.1083,11.3084
2020-03-20,7.74,7.74,10.57,7.3,8.3,2059000.0,8.01,33.5894,1.4332,4.8393,11.8786
2020-03-23,7.91,7.91,8.38,7.01,7.95,1419100.0,7.638,32.9108,7.7667,33.25,12.3889
2020-03-24,9.78,9.78,10.45,8.41,8.41,1985000.0,7.702,32.268,5.5669,0.4891,12.7859
2020-03-25,11.49,11.49,12.57,10.47,10.76,2434300.0,8.798,31.6578,4.7991,1.8767,13.0953
2020-03-26,12.33,12.33,14.16,11.57,12.23,2772800.0,9.85,31.0512,4.0851,24.8999,13.3532
2020-03-27,11.44,11.44,12.91,10.751,10.94,1365900.0,10.59,30.4328,1.6018,3.318,13.6151
2020-03-30,11.06,11.06,12.68,10.64,12.05,904800.0,11.22,29.8074,11.46,1.0606,13.8657
2020-03-31,10.19,10.19,11.29,9.891,11.04,1033200.0,11.302,29.1308,5.5749,0.6459,14.1091
2020-04-01,8.42,8.42,9.25,8.21,9.17,1023000.0,10.688,28.4428,2.9804,0.3867,14.3843
2020-04-02,8.41,8.41,9.08,8.185,8.62,746300.0,9.904,27.7566,1.7228,3.2619,14.6368
2020-04-03,7.92,7.92,8.17,7.12,7.96,1170300.0,9.2,27.0384,1.8563,25.25,14.875
2020-04-06,8.87,8.87,9.08,8.34,8.51,1064900.0,8.762,26.3638,8.7633,1.0556,15.0755
2020-04-07,8.91,8.91,10.36,8.88,10.23,1624100.0,8.506,25.727,5.6673,0.1212,15.2618
2020-04-08,9.71,9.71,9.85,8.79,8.8,1221100.0,8.764,25.0352,2.9512,0.1648,15.4056
2020-04-09,9.77,9.77,10.43,9.39,10.0,1763000.0,9.036,24.3844,3.0652,3.5217,15.5418
2020-04-13,9.37,9.37,9.627,9.0,9.59,866200.0,9.326,23.7312,1.2362,1.85,15.6729
2020-04-14,9.48,9.48,9.85,9.24,9.34,2068400.0,9.448,23.0908,2.2884,3.3572,15.7904
2020-04-15,9.45,9.45,9.654,9.09,9.23,1173700.0,9.556,22.425,1.1277,1.5636,15.8947
2020-04-16,9.3,9.3,9.65,9.19,9.63,901900.0,9.474,21.7548,0.7919,0.3939,15.9902
2020-04-17,9.34,9.34,9.85,9.12,9.74,998000.0,9.388,21.073,0.8062,0.825,16.073
2020-04-20,9.41,9.41,9.5,8.93,9.06,904800.0,9.396,20.4348,9.28,0.6286,16.1485
2020-04-21,8.51,8.51,9.165,8.165,9.15,996100.0,9.202,19.8188,4.5135,0.5625,16.225
2020-04-22,8.95,8.95,9.25,8.82,9.22,1340400.0,9.102,19.2144,3.7246,0.5926,16.2869
2020-04-23,8.83,8.83,9.12,8.76,8.95,992600.0,9.008,18.5852,2.0873,2.0,16.3444
2020-04-24,7.3,7.3,8.49,7.25,8.42,3263700.0,8.6,17.9132,3.3431,0.1071,16.413
2020-04-27,7.42,7.42,7.68,7.3,7.58,2325300.0,8.202,17.2524,7.4667,1.375,16.471
2020-04-28,8.74,8.74,8.87,7.69,7.7,3240400.0,8.248,16.5968,4.91,0.1346,16.5084
2020-04-29,9.74,9.74,9.76,9.01,9.01,3212500.0,8.406,16.0002,3.4779,0.0274,16.5294
2020-04-30,9.56,9.56,9.58,9.0,9.5,2033400.0,8.552,15.395,1.7642,8.6666,16.5479
2020-05-01,8.64,8.64,9.108,8.08,9.05,1849500.0,8.82,14.7978,1.2576,1.5073,16.5646
2020-05-04,8.26,8.26,8.45,7.97,8.37,1363600.0,8.988,14.2064,8.2267,3.3637,16.5771
2020-05-05,8.12,8.12,8.55,8.04,8.42,1183900.0,8.864,13.6474,3.8278,0.7,16.5769
2020-05-06,7.79,7.79,7.96,7.62,7.8,1060700.0,8.474,13.1032,2.29,32.9992,16.5683
2020-05-07,7.12,7.12,7.64,7.01,7.57,2584900.0,7.986,12.5946,3.0288,0.4,16.5394
2020-05-08,7.3,7.3,7.324,7.055,7.14,1846600.0,7.718,12.1344,1.6598,0.6812,16.4825
2020-05-11,6.82,6.82,7.0,6.55,6.8,1889600.0,7.43,11.6808,6.79,21.5,16.4179
2020-05-12,6.43,6.43,7.19,6.41,7.15,1582600.0,7.092,11.2084,3.0432,0.0833,16.3632
2020-05-13,6.2,6.2,6.56,6.12,6.53,2605300.0,6.774,10.7494,2.6978,0.3333,16.2984
2020-05-14,5.96,5.96,6.09,5.78,6.02,4296800.0,6.542,10.2834,2.4616,4.1667,16.2373
2020-05-15,5.64,5.64,6.11,5.6,5.91,4507900.0,6.21,9.8984,1.7518,0.8889,16.1112
2020-05-18,7.48,7.48,7.58,6.11,6.19,5289800.0,6.342,9.5548,7.0567,0.1395,15.9777
2020-05-19,7.0,7.0,7.83,6.63,7.33,5825100.0,6.456,9.2936,3.7489,2.6364,15.7549
2020-05-20,8.04,8.04,8.83,7.34,7.48,6342900.0,6.824,8.9914,2.9321,1.6607,15.6029
2020-05-21,8.14,8.14,8.87,8.125,8.65,3252800.0,7.26,8.7708,1.3159,0.4608,15.3706
2020-05-22,7.96,7.96,8.13,7.76,8.1,1633600.0,7.724,8.6816,0.5812,1.6428,14.9551
2020-05-26,8.18,8.18,8.67,8.1,8.64,2671700.0,7.864,8.5348,8.3167,0.2391,14.6439
2020-05-27,8.38,8.38,8.4,7.87,8.38,2416800.0,8.14,8.507,3.9025,5298.9973,14.1548
2020-05-28,8.16,8.16,8.5,8.01,8.2,2018100.0,8.164,8.481,2.3352,11.25,13.6614
2020-05-29,7.98,7.98,8.06,7.72,7.88,3016500.0,8.132,8.5204,2.36,2.4,13.0334
2020-06-01,8.41,8.41,8.64,8.06,8.16,2350900.0,8.222,8.5472,8.37,1.32,12.4526
2020-06-02,9.62,9.62,9.67,8.8,8.97,4496300.0,8.51,8.5848,6.1486,0.3385,11.9048
2020-06-03,10.93,10.93,11.67,10.4,10.7,8793600.0,9.02,8.6452,6.1844,4.5217,11.3722
2020-06-04,11.14,11.14,11.525,10.6,10.63,5960500.0,9.616,8.6724,3.0596,0.8137,10.9241
2020-06-05,12.8,12.8,13.17,12.25,12.25,8424300.0,10.58,8.6986,3.5745,0.6727,10.5611
2020-06-08,17.3,17.3,17.31,14.2,14.24,15588000.0,12.358,8.798,16.27,0.0163,10.2943
2020-06-09,15.71,15.71,18.28,15.35,15.68,13245700.0,13.576,8.8834,7.5553,96.6675,9.9845
2020-06-10,14.08,14.08,16.19,13.86,16.19,11347700.0,14.206,8.9438,4.1543,0.1043,9.6534
2020-06-11,11.01,11.01,12.73,10.5,11.12,9007400.0,14.18,8.9602,2.09,19.2728,9.2789
2020-06-12,13.11,13.11,13.88,12.45,12.96,10871400.0,14.242,9.054,2.3797,8.5334,8.8549
2020-06-15,12.93,12.93,13.36,11.42,11.75,11730500.0,13.368,9.1444,12.57,0.6441,8.4386
2020-06-16,12.93,12.93,14.4,12.75,14.11,9563000.0,12.812,9.2446,6.0,0.3983,8.0107
2020-06-17,12.85,12.85,13.16,12.49,12.9,4489600.0,12.566,9.3242,2.2347,12.4002,7.6353
2020-06-18,12.24,12.24,12.89,12.16,12.36,3652600.0,12.812,9.3908,1.5424,5.0833,7.2667
2020-06-19,12.13,12.13,12.66,11.98,12.66,4470500.0,12.616,9.4392,1.616,0.283,6.9464
2020-06-22,11.6,11.6,12.35,11.57,12.35,4884400.0,12.35,9.4758,11.84,0.04,6.6386
2020-06-23,13.04,13.04,13.31,11.732,12.13,5453800.0,12.372,9.5492,6.6966,0.7341,6.3395
2020-06-24,11.83,11.83,12.694,11.505,12.53,4063800.0,12.168,9.5962,3.3888,0.6986,6.0485
2020-06-25,11.84,11.84,12.35,11.45,11.88,3484900.0,12.088,9.644,2.3146,21.5,5.7718
2020-06-26,10.95,10.95,11.66,10.914,11.59,3043600.0,11.852,9.677,1.625,0.1656,5.4994
2020-06-29,11.38,11.38,11.5,10.53,11.15,3595200.0,11.808,9.7178,11.1367,3.2174,5.2484
2020-06-30,11.18,11.18,11.271,10.95,11.12,2423800.0,11.436,9.7532,4.4834,4.35,5.0155
2020-07-01,11.61,11.61,12.05,11.23,11.36,3645600.0,11.392,9.8152,4.387,2.28,4.7605
2020-07-02,11.61,11.61,12.33,11.52,12.2,2307300.0,11.346,9.8684,2.278,0.3729,4.5405
2020-07-06,12.3,12.3,12.33,12.0,12.23,2157000.0,11.616,9.9378,1.864,3.7142,4.3387
2020-07-07,11.93,11.93,12.56,11.9,12.26,2163800.0,11.726,10.0304,1.611,1.0,4.0796
2020-07-08,12.03,12.03,12.24,11.92,12.19,1413600.0,11.896,10.1226,0.9631,1.0,3.8448
2020-07-09,11.67,11.67,12.24,11.64,12.18,1957300.0,11.908,10.1812,1.1795,0.1765,3.6868
2020-07-10,12.28,12.28,12.42,11.48,11.6,2085300.0,12.042,10.232,1.1563,0.3824,3.5906
2020-07-13,11.74,11.74,12.69,11.74,12.64,1719200.0,11.93,10.2756,12.0567,0.0556,3.5006
2020-07-14,12.24,12.24,12.27,11.33,11.57,1677900.0,11.992,10.3476,5.9007,0.403,3.4011
2020-07-15,12.59,12.59,12.76,12.29,12.69,3135500.0,12.104,10.4342,6.0221,3.7,3.3096
2020-07-16,12.38,12.38,12.645,12.27,12.42,1367700.0,12.246,10.5194,2.1522,8.375,3.2267
2020-07-17,12.07,12.07,12.37,12.03,12.34,1510200.0,12.204,10.605,1.9509,0.2593,3.1448
2020-07-20,12.01,12.01,12.25,11.96,12.21,1249200.0,12.258,10.7028,12.0733,0.45,3.0536
2020-07-21,12.64,12.64,12.69,12.3,12.33,1450000.0,12.338,10.8096,6.7382,0.2581,2.9874
2020-07-22,12.55,12.55,12.77,12.38,12.51,835200.0,12.33,10.9242,2.9696,8.75,2.9163
2020-07-23,11.97,11.97,12.57,11.92,12.42,1267200.0,12.248,11.035,3.2074,0.4444,2.84
2020-07-24,11.71,11.71,11.86,11.42,11.65,1518400.0,12.176,11.1452,2.8022,6.3333,2.7673
2020-07-27,11.96,11.96,12.062,11.6,11.74,999000.0,12.166,11.2652,11.874,1.1,2.7007
2020-07-28,12.47,12.47,12.64,11.85,11.88,1503900.0,12.132,11.4018,7.4026,0.339,2.637
2020-07-29,12.05,12.05,12.5,11.97,12.44,1283400.0,12.032,11.4932,4.1263,0.359,2.6218
2020-07-30,12.18,12.18,12.33,11.82,12.01,1075800.0,12.074,11.5968,2.6795,2.0,2.603
2020-07-31,11.54,11.54,12.32,11.51,12.32,1570500.0,12.04,11.6668,2.8785,0.0385,2.5996
2020-08-03,11.25,11.25,11.53,11.135,11.39,1383700.0,11.898,11.729,11.305,1.8214,2.5989
2020-08-04,11.18,11.18,11.47,11.075,11.09,1346500.0,11.64,11.7934,5.5442,3.3889,2.5984
2020-08-05,11.41,11.41,11.45,11.185,11.39,1329600.0,11.512,11.858,3.7166,12.2503,2.5987
2020-08-06,11.96,11.96,12.04,11.19,11.31,1509600.0,11.468,11.9296,3.1794,0.3077,2.5986
2020-08-07,11.62,11.62,11.966,11.42,11.94,1249700.0,11.484,11.9988,2.1385,0.7063,2.5987
2020-08-10,11.92,11.92,12.15,11.65,11.69,2074500.0,11.618,12.0776,11.9067,1.1739,2.5977
2020-08-11,12.89,12.89,13.341,12.29,12.39,4231000.0,11.96,12.1672,8.6159,1.102,2.5997
2020-08-12,12.45,12.45,13.49,12.257,13.48,4352500.0,12.168,12.2238,5.1996,0.1971,2.5957
2020-08-13,12.4,12.4,12.875,12.24,12.5,2174200.0,12.256,12.2532,2.1188,5.35,2.5756
2020-08-14,12.45,12.45,12.566,11.872,12.06,2031200.0,12.422,12.2794,1.6803,0.7795,2.552
2020-08-17,11.57,11.57,12.23,11.41,12.16,2422000.0,12.352,12.2548,11.7367,0.3898,2.4871
2020-08-18,11.94,11.94,12.14,11.685,11.98,1722100.0,12.162,12.1476,4.9541,10.375,2.1773
2020-08-19,11.59,11.59,12.09,11.54,12.09,1339200.0,11.99,12.0652,2.8673,0.1,1.9528
2020-08-20,11.63,11.63,11.7,10.97,11.08,1857300.0,11.836,12.0162,2.8928,0.3273,1.8135
2020-08-21,11.58,11.58,11.91,11.43,11.8,1404800.0,11.662,12.0276,1.8698,1.1818,1.7913
2020-08-24,12.09,12.09,12.1,11.55,11.67,2527400.0,11.766,12.0072,11.9133,0.3095,1.697
2020-08-25,11.95,11.95,12.28,11.71,12.22,2212800.0,11.768,11.9876,5.5925,1.1111,1.6103
2020-08-26,11.55,11.55,11.98,11.3,11.86,2326400.0,11.76,11.96,3.8221,1.1936,1.5247
2020-08-27,12.04,12.04,12.2,11.698,11.72,2878900.0,11.842,11.9438,3.4676,0.5688,1.441
2020-08-28,12.7,12.7,12.73,12.1,12.25,2277700.0,12.066,11.953,2.3311,0.4,1.3875
2020-08-31,12.15,12.15,12.74,12.09,12.7,1588700.0,12.078,11.9534,12.3267,0.1818,1.3346
2020-09-01,12.77,12.77,12.93,12.28,12.37,1714200.0,12.242,11.9768,6.5705,0.625,1.3052
2020-09-02,12.94,12.94,13.04,12.65,12.89,1673700.0,12.52,11.9748,4.3306,6.8001,1.2159
2020-09-03,13.71,13.71,13.745,13.1,13.27,3708000.0,12.854,12.0124,5.7718,0.4659,1.1984
2020-09-04,14.01,14.01,14.196,13.49,13.97,3103600.0,13.116,12.0558,3.6592,16.65,1.19
2020-09-08,14.72,14.72,14.94,13.63,13.69,3366800.0,13.63,12.1312,14.43,0.2718,1.232
2020-09-09,14.88,14.88,15.0,14.59,15.0,2230700.0,14.052,12.2012,5.9074,2.4167,1.2673
2020-09-10,14.89,14.89,15.65,14.775,15.19,3064200.0,14.442,12.2754,5.3436,1.9167,1.3046
2020-09-11,14.98,14.98,15.085,14.305,14.9,4634100.0,14.696,12.3428,5.1549,8.75,1.3329
2020-09-14,16.18,16.18,16.215,15.07,15.37,3347000.0,15.13,12.4342,15.8217,0.4136,1.413
2020-09-15,16.02,16.02,16.29,15.75,16.1,2505600.0,15.39,12.5086,6.8584,5.75,1.46
2020-09-16,16.73,16.73,16.98,15.94,15.96,3402300.0,15.76,12.6046,6.0841,0.3507,1.5492
2020-09-17,16.65,16.65,16.87,16.25,16.3,1472600.0,16.112,12.697,2.2774,0.7714,1.6247
2020-09-18,15.83,15.83,16.59,15.68,16.58,2744600.0,16.282,12.7802,3.2664,0.2133,1.6677
2020-09-21,14.57,14.57,15.21,14.435,15.07,2737200.0,15.96,12.826,14.7383,0.55,1.6608
2020-09-22,14.49,14.49,15.05,14.21,14.74,2221300.0,15.654,12.881,6.533,2.36,1.6635
2020-09-23,14.4,14.4,14.77,14.19,14.42,2238600.0,15.188,12.9242,4.4956,27.9994,1.655
2020-09-24,14.74,14.74,14.96,13.86,14.35,1867300.0,14.806,12.9672,2.9912,1.8205,1.6459
2020-09-25,14.52,14.52,14.795,14.22,14.25,1673900.0,14.544,13.01,2.2621,1.1296,1.6387
2020-09-28,13.79,13.79,15.19,13.745,14.9,3008000.0,14.388,13.0444,14.2417,0.3018,1.629
2020-09-29,12.7,12.7,13.58,12.69,13.46,2784400.0,14.03,13.0582,6.2443,0.1711,1.6193
2020-09-30,13.16,13.16,13.37,12.79,12.81,2506300.0,13.782,13.0686,3.9584,0.6571,1.5985
2020-10-01,13.71,13.71,13.89,13.26,13.48,3229400.0,13.576,13.0918,3.8154,1.7391,1.5843
2020-10-02,12.96,12.96,13.6,12.93,13.43,3436900.0,13.264,13.1116,3.0231,0.4255,1.5789
2020-10-05,13.11,13.11,13.277,12.82,13.16,1968200.0,13.128,13.1396,13.069,8.14,1.5769
2020-10-06,13.97,13.97,14.4,13.72,13.76,3019700.0,13.382,13.1798,8.4938,2.2381,1.5778
2020-10-07,13.26,13.26,14.31,13.26,14.12,5499300.0,13.402,13.1956,7.1368,0.2209,1.5706
2020-10-08,13.54,13.54,13.579,13.24,13.46,1520900.0,13.368,13.2254,1.7039,3.2375,1.5692
2020-10-09,13.8,13.8,14.125,13.69,13.85,1834100.0,13.536,13.2578,1.838,7.7,1.5689
2020-10-12,14.12,14.12,14.28,13.443,13.86,1317900.0,13.738,13.3094,13.9477,2.2192,1.573
2020-10-13,13.62,13.62,13.76,13.34,13.6,1863100.0,13.668,13.3568,7.9499,20.0005,1.572
2020-10-14,13.88,13.88,14.14,13.75,13.76,1238200.0,13.792,13.4108,3.9011,2.25,1.571
2020-10-15,13.83,13.83,13.88,13.352,13.43,1167200.0,13.85,13.4592,2.8598,0.32,1.5706
2020-10-16,13.6,13.6,13.76,13.521,13.76,1000500.0,13.81,13.492,2.0698,0.4938,1.5706
2020-10-19,14.23,14.23,14.719,14.12,14.31,1714700.0,13.832,13.5442,14.3563,6.4874,1.5727
2020-10-20,14.05,14.05,14.56,14.02,14.4,1371400.0,13.918,13.5868,6.3146,0.5429,1.5739
2020-10-21,13.93,13.93,14.14,13.84,13.98,987300.0,13.928,13.6076,3.386,5.0001,1.5713
2020-10-22,14.44,14.44,14.505,14.105,14.11,1766400.0,14.05,13.6474,4.3405,0.2121,1.5749
2020-10-23,14.49,14.49,14.67,14.2,14.54,1236600.0,14.228,13.6892,2.5257,8.4,1.5789
2020-10-26,13.99,13.99,14.21,13.74,14.08,1446100.0,14.18,13.72,13.98,4.2222,1.5791
2020-10-27,13.73,13.73,14.22,13.65,14.03,1267700.0,14.116,13.7632,6.4775,0.9,1.5762
2020-10-28,12.21,12.21,13.02,12.18,12.96,2361700.0,13.772,13.7686,5.8025,0.12,1.5913
2020-10-29,12.3,12.3,12.35,11.16,11.21,2409800.0,13.344,13.7828,3.8429,0.0917,1.6036
2020-10-30,11.85,11.85,12.135,11.505,11.98,3736200.0,12.816,13.7872,3.9388,3.8462,1.6259
2020-11-02,11.89,11.89,12.23,11.66,12.09,1197500.0,12.396,13.7934,11.9267,1.85,1.6468
2020-11-03,11.88,11.88,12.36,11.63,12.23,3695300.0,12.026,13.7892,9.0303,1.0857,1.6688
2020-11-04,12.34,12.34,12.565,11.77,11.99,2513500.0,12.052,13.797,4.1488,1.2714,1.6814
2020-11-05,13.8,13.8,13.89,13.0,13.2,1858100.0,12.352,13.842,2.7203,0.4833,1.6805
2020-11-06,14.38,14.38,14.53,13.61,13.75,1828700.0,12.858,13.8888,2.3365,0.4603,1.6818
2020-11-09,17.25,17.25,17.41,16.31,16.55,7104100.0,13.93,13.9798,16.99,0.5714,1.7411
2020-11-10,16.83,16.83,17.53,16.705,17.13,2503800.0,14.92,14.0734,4.4358,1.75,1.784
2020-11-11,16.57,16.57,17.195,16.19,16.23,2357500.0,15.766,14.1494,3.2808,1.9559,1.813
2020-11-12,15.35,15.35,16.54,15.28,16.09,2181900.0,16.076,14.1976,2.425,0.7027,1.8152
2020-11-13,16.04,16.04,16.04,15.58,15.69,1926200.0,16.408,14.2442,1.9038,0.3143,1.8171
2020-11-16,17.8,17.8,18.18,16.59,16.69,4177400.0,16.518,14.32,17.5233,0.4324,1.8622
2020-11-17,18.48,18.48,18.71,17.82,17.84,2906100.0,16.848,14.3952,7.5229,0.3906,1.915
2020-11-18,19.37,19.37,19.73,19.08,19.43,3544000.0,17.408,14.485,6.4672,9.8334,2.0003
2020-11-19,20.13,20.13,20.23,19.02,19.1,2019200.0,18.364,14.5898,3.1602,0.1748,2.1162
2020-11-20,19.42,19.42,19.79,19.31,19.62,1952900.0,19.04,14.6786,2.6093,1.4,2.1883
2020-11-23,19.72,19.72,20.32,19.56,20.18,1414000.0,19.424,14.7494,19.8667,0.6522,2.2366
2020-11-24,20.19,20.19,20.27,19.87,19.98,2041000.0,19.766,14.8328,11.8797,0.9048,2.3086
2020-11-25,20.4,20.4,20.53,20.28,20.44,897700.0,19.972,14.9062,4.208,5.2499,2.3649
2020-11-27,20.75,20.75,21.26,20.73,20.81,814100.0,20.096,14.9882,3.2952,7.8334,2.4381
2020-11-30,21.27,21.27,22.77,21.19,22.55,2120200.0,20.466,15.097,21.7433,0.2344,2.5535
2020-12-01,22.25,22.25,22.63,22.06,22.18,1540900.0,20.972,15.2506,9.3913,7.1429,2.7275
2020-12-02,23.27,23.27,23.43,22.48,22.58,1684400.0,21.588,15.4262,7.2663,0.3768,2.9357
2020-12-03,24.68,24.68,25.84,24.62,24.84,2760600.0,22.444,15.6318,8.5299,6.625,3.1956
2020-12-04,24.6,24.6,25.05,24.05,24.92,1869300.0,23.214,15.829,4.6036,2.125,3.4187
2020-12-07,24.6,24.6,25.48,24.42,25.37,1578800.0,23.88,16.0306,24.8333,0.3766,3.6209
2020-12-08,24.37,24.37,25.49,24.25,25.49,1538700.0,24.304,16.2422,12.1928,0.1071,3.7975
2020-12-09,23.55,23.55,24.52,23.296,24.42,1520900.0,24.36,16.4592,7.8001,0.4069,3.9273
2020-12-10,23.9,23.9,23.99,22.56,22.97,1842500.0,24.204,16.674,6.6762,0.5376,4.0581
2020-12-11,24.1,24.1,24.21,23.46,23.89,1880100.0,24.104,16.8818,5.3795,2.5714,4.1836
2020-12-14,23.2,23.2,24.44,23.14,24.27,1116200.0,23.824,17.0866,23.5933,0.215,4.272
2020-12-15,23.63,23.63,23.64,22.9,23.29,984000.0,23.676,17.297,10.9588,1.1765,4.3648
2020-12-16,23.43,23.43,23.52,22.982,23.22,947300.0,23.652,17.4862,7.246,1.5619,4.4436
2020-12-17,22.91,22.91,23.75,22.84,23.48,1194200.0,23.454,17.6792,6.5223,0.5965,4.5048
2020-12-18,22.47,22.47,23.05,22.21,22.63,819500.0,23.128,17.8578,3.6556,4.25,4.5515
2020-12-21,21.46,21.46,21.72,20.78,20.87,1330500.0,22.78,18.011,21.32,0.5932,4.5769
2020-12-22,20.32,20.32,21.23,20.18,21.17,1177800.0,22.118,18.135,9.662,0.2353,4.5859
2020-12-23,21.6,21.6,21.99,21.33,21.36,1071800.0,21.752,18.2946,6.4785,1.75,4.6095
2020-12-24,21.32,21.32,21.66,21.13,21.55,524000.0,21.434,18.4434,2.7285,1.3044,4.627
2020-12-28,21.57,21.57,21.86,21.165,21.6,1042800.0,21.254,18.5982,4.3625,22.1661,4.6457
2020-12-29,21.76,21.76,22.13,21.63,22.09,1326600.0,21.314,18.7614,4.4756,0.5152,4.665
2020-12-30,22.78,22.78,23.05,21.93,21.93,917200.0,21.806,18.9324,2.803,0.3176,4.6957
2020-12-31,22.82,22.82,22.98,22.0,22.5,542100.0,22.05,19.1078,1.5444,2.0625,4.7245
2021-01-04,21.34,21.34,22.8,21.21,22.77,933800.0,22.054,19.256,2.2941,0.1119,4.7334
2021-01-05,21.73,21.73,21.955,20.75,20.79,1007100.0,22.086,19.4018,2.1908,0.2819,4.7435
2021-01-06,20.8,20.8,21.39,20.68,21.31,1424100.0,21.894,19.528,2.6416,0.3922,4.7456
2021-01-07,19.94,19.94,20.91,19.89,20.85,1560400.0,21.326,19.647,2.457,0.1209,4.7456
2021-01-08,20.33,20.33,20.88,19.96,20.76,1266100.0,20.828,19.779,1.8278,1.1395,4.7463
2021-01-11,19.8,19.8,20.19,19.72,20.09,737200.0,20.52,19.9308,19.9033,0.6207,4.7412
2021-01-12,21.3,21.3,21.34,19.91,20.03,1108200.0,20.434,20.1108,12.5208,0.126,4.7395
2021-01-13,20.28,20.28,21.0,20.23,21.0,1283200.0,20.33,20.2794,8.4095,0.0694,4.7316
2021-01-14,22.19,22.19,22.718,20.81,20.92,2156500.0,20.78,20.4854,8.9384,0.5024,4.7301
2021-01-15,21.23,21.23,21.683,21.05,21.56,1333400.0,20.96,20.6724,4.2954,0.9182,4.723
2021-01-19,21.06,21.06,21.56,20.88,21.36,1344700.0,21.212,20.8468,21.1667,1.2667,4.7186
2021-01-20,21.43,21.43,21.48,20.47,21.32,1290100.0,21.238,20.9994,10.3444,8.1818,4.719
2021-01-21,21.33,21.33,21.37,20.58,21.36,1449800.0,21.448,21.1384,7.4869,25.3328,4.7186
2021-01-22,21.21,21.21,21.257,20.498,20.68,2042200.0,21.252,21.2176,6.9959,0.4321,4.6959
2021-01-25,20.64,20.64,21.2,20.081,20.91,980800.0,21.134,21.2938,20.6403,3.1444,4.6806
2021-01-26,21.0,21.0,22.15,20.95,21.5,2947900.0,21.122,21.3824,16.0325,1.4,4.6683
2021-01-27,21.75,21.75,22.53,20.83,21.43,4308100.0,21.186,21.5104,11.3515,4.3125,4.6656
2021-01-28,22.77,22.77,23.68,22.66,23.29,1896900.0,21.474,21.645,4.3122,0.9615,4.6614
2021-01-29,21.95,21.95,22.72,21.38,22.72,2733100.0,21.622,21.728,4.6767,0.7403,4.6355
2021-02-01,22.88,22.88,22.99,22.11,22.47,941200.0,22.07,21.816,22.66,1.1463,4.6018
2021-02-02,23.5,23.5,23.83,22.905,23.55,956800.0,22.57,21.8986,11.802,17.5003,4.5553
2021-02-03,23.65,23.65,23.876,23.17,23.57,880300.0,22.95,21.969,7.4666,7.825,4.4937
2021-02-04,24.08,24.08,24.32,23.69,23.92,806500.0,23.212,22.0622,5.4062,2.9375,4.4525
2021-02-05,24.14,24.14,24.46,23.92,24.15,611400.0,23.65,22.1506,3.5221,52.9987,4.4057
2021-02-08,25.05,25.05,25.13,24.61,24.77,774800.0,24.084,22.2478,24.93,0.8571,4.3581
2021-02-09,24.66,24.66,24.79,24.2,24.28,573700.0,24.316,22.333,10.4444,0.5526,4.3009
2021-02-10,23.58,23.58,24.72,23.53,24.66,800100.0,24.302,22.3896,8.9161,0.1019,4.2264
2021-02-11,23.86,23.86,24.75,23.7,24.16,913300.0,24.258,22.4414,7.1895,2.5,4.1401
2021-02-12,23.85,23.85,24.075,23.35,23.36,459900.0,24.2,22.4734,3.1025,0.4796,4.0247
2021-02-16,24.38,24.38,24.664,23.73,24.2,502300.0,24.066,22.4956,24.258,4.1889,3.878
2021-02-17,24.01,24.01,24.32,23.525,23.68,826900.0,23.936,22.4822,14.9004,1.4091,3.6672
2021-02-18,23.29,23.29,23.86,23.02,23.81,643900.0,23.878,22.456,7.6331,0.6154,3.453
2021-02-19,24.19,24.19,24.55,23.51,23.55,1166700.0,23.944,22.4478,8.949,0.625,3.2427
2021-02-22,22.79,22.79,23.73,22.597,22.93,2081800.0,23.732,22.4162,23.039,7.0929,3.0327
2021-02-23,23.93,23.93,24.08,22.01,23.06,1491700.0,23.642,22.4238,9.7429,1.3793,2.87
2021-02-24,24.81,24.81,25.28,23.77,23.89,1717600.0,23.802,22.442,7.9922,0.6413,2.7027
2021-02-25,23.2,23.2,24.82,22.6,24.76,1761100.0,23.784,22.424,5.8785,0.4231,2.5049
2021-02-26,21.52,21.52,22.97,21.51,22.86,1805400.0,23.25,22.3904,4.4841,0.0896,2.3542
2021-03-01,21.38,21.38,22.5,21.31,22.1,1243400.0,22.968,22.3454,21.73,0.6528,2.1815
2021-03-02,20.69,20.69,21.0,19.98,20.3,2183200.0,22.32,22.2906,13.0973,1.6154,2.0257
2021-03-03,20.64,20.64,20.87,19.3,19.96,2763400.0,21.486,22.2452,9.0491,1.3088,1.8994
2021-03-04,20.36,20.36,21.55,19.75,20.69,2657600.0,20.918,22.203,6.1737,4.4545,1.8028
2021-03-05,20.15,20.15,20.26,19.14,20.16,1986800.0,20.644,22.1768,3.6401,110.9975,1.7591
2021-03-08,18.39,18.39,20.31,18.0,19.9,3012100.0,20.046,22.1382,18.9,0.5298,1.8111
2021-03-09,18.85,18.85,19.06,18.051,18.36,1822000.0,19.678,22.0832,7.0307,1.0592,1.8085
2021-03-10,20.32,20.32,20.6,19.05,19.14,1735700.0,19.614,22.0632,5.2812,0.3136,1.7793
2021-03-11,22.05,22.05,22.11,20.92,21.25,1384300.0,19.952,22.0728,3.7754,0.4875,1.7289
2021-03-12,22.36,22.36,22.42,21.33,21.48,2064100.0,20.394,22.0848,4.5403,0.2386,1.6766
2021-03-15,23.02,23.02,23.45,22.29,22.36,1622000.0,21.32,22.0896,22.92,0.7576,1.5913
2021-03-16,21.49,21.49,22.97,21.3,22.87,1573500.0,21.848,22.063,10.7937,0.2101,1.5044
2021-03-17,22.4,22.4,22.5,21.32,21.36,931600.0,22.264,22.0842,4.9826,0.1346,1.4759
2021-03-18,21.97,21.97,22.86,21.85,22.07,1044300.0,22.248,22.089,4.4884,9.1,1.4388
2021-03-19,22.93,22.93,23.18,21.79,22.16,1016000.0,22.362,22.1316,3.7165,0.8052,1.4319
2021-03-22,21.56,21.56,22.053,21.23,21.87,1514400.0,22.07,22.164,21.6143,1.6548,1.4339
2021-03-23,20.04,20.04,21.02,19.89,20.88,2295600.0,21.78,22.1582,12.2412,0.3452,1.4628
2021-03-24,19.48,19.48,20.91,19.4,20.43,1389800.0,21.196,22.1518,5.3269,0.5895,1.5107
2021-03-25,19.71,19.71,19.86,19.0,19.2,1180200.0,20.744,22.12,3.6115,0.6863,1.5395
2021-03-26,19.77,19.77,20.05,19.1,19.89,1708100.0,20.112,22.1098,4.1477,6.9167,1.5746
2021-03-29,18.96,18.96,19.649,18.88,19.51,1449400.0,19.592,22.0452,19.163,0.3982,1.6161
2021-03-30,20.47,20.47,20.53,19.24,19.36,1457500.0,19.678,22.03,10.068,0.1622,1.6292
2021-03-31,20.19,20.19,20.64,19.83,19.99,1269700.0,19.82,22.0126,6.1469,3.05,1.6492
2021-04-01,20.08,20.08,20.7,19.95,20.43,783400.0,19.894,21.9856,3.1973,1.1429,1.6699
2021-04-05,21.03,21.03,21.24,20.52,20.57,885800.0,20.146,21.9796,3.1715,0.5652,1.6751
2021-04-06,21.14,21.14,21.44,20.81,20.92,1108400.0,20.582,21.9782,3.3678,1.8637,1.6793
2021-04-07,21.07,21.07,21.77,20.83,21.55,789400.0,20.702,21.9868,2.1636,0.9583,1.6818
2021-04-08,21.64,21.64,21.7,21.02,21.25,723000.0,20.992,21.9996,1.832,0.7436,1.6817
2021-04-09,20.81,20.81,21.4,20.7,20.99,1174600.0,21.138,21.9808,2.5548,2.8889,1.6894
2021-04-12,20.13,20.13,20.62,20.08,20.54,1152900.0,20.958,21.928,20.2767,0.3171,1.701
2021-04-13,20.05,20.05,20.23,19.69,19.98,1391400.0,20.74,21.89,10.9319,6.7143,1.7205
2021-04-14,20.2,20.2,20.51,19.98,19.98,1003600.0,20.566,21.8364,5.7225,1.4091,1.7295
2021-04-15,20.22,20.22,20.67,20.18,20.55,683600.0,20.282,21.7708,3.2886,0.4848,1.7286
2021-04-16,20.31,20.31,20.51,19.87,20.03,558300.0,20.182,21.704,2.358,1.2857,1.7235
2021-04-19,20.71,20.71,20.95,20.15,20.26,927100.0,20.298,21.6366,20.6033,0.7778,1.7047
2021-04-20,20.27,20.27,20.61,19.95,20.58,1090700.0,20.342,21.5592,10.9603,1.129,1.6912
2021-04-21,20.69,20.69,20.75,20.0,20.19,308500.0,20.44,21.472,2.7159,0.5,1.6478
2021-04-22,21.32,21.32,21.6,20.91,20.91,907100.0,20.66,21.4052,5.969,0.6829,1.6147
2021-04-23,21.34,21.34,21.72,21.27,21.28,526500.0,20.866,21.3604,3.0027,6.5,1.6059
2021-04-26,21.79,21.79,22.1,21.665,21.71,532300.0,21.082,21.319,21.8517,4.4374,1.5947
2021-04-27,21.64,21.64,22.338,21.53,21.57,624700.0,21.356,21.2748,11.7899,10.5429,1.5836
2021-04-28,22.46,22.46,22.56,22.0,22.08,778900.0,21.71,21.2364,8.9884,0.4737,1.5706
2021-04-29,22.65,22.65,23.03,22.33,22.68,1087000.0,21.976,21.2092,8.1519,22.3328,1.5689
2021-04-30,21.28,21.28,22.62,21.24,22.4,865800.0,21.964,21.169,4.8344,0.2321,1.5646
2021-05-03,21.22,21.22,21.53,20.93,21.53,654200.0,21.85,21.1096,21.2267,0.9355,1.5451
2021-05-04,20.75,20.75,21.06,20.54,20.87,761400.0,21.672,21.0688,11.1786,3.3333,1.5449
2021-05-05,21.34,21.34,21.618,20.64,20.72,708700.0,21.448,21.017,7.0724,0.5774,1.5308
2021-05-06,21.22,21.22,22.01,20.92,21.61,1396000.0,21.162,20.9452,8.4797,1.7949,1.4943
2021-05-07,22.32,22.32,22.52,21.57,21.69,1817600.0,21.37,20.9276,7.5377,0.5079,1.5032
2021-05-10,22.87,22.87,22.92,22.28,22.46,1158200.0,21.7,20.9546,22.69,0.561,1.5224
2021-05-11,23.48,23.48,23.5,22.14,22.19,1373100.0,22.246,20.9966,12.498,0.0543,1.5564
2021-05-12,21.84,21.84,23.2,21.76,23.0,1225800.0,22.346,21.0196,7.2648,0.2414,1.5442
2021-05-13,22.04,22.04,22.59,21.71,22.11,704300.0,22.51,21.0476,3.4909,11.5715,1.5339
2021-05-14,22.68,22.68,23.19,22.57,22.66,595400.0,22.582,21.094,2.6861,29.9993,1.5281
2021-05-17,22.58,22.58,22.58,22.03,22.42,437600.0,22.524,21.1426,22.3967,2.4375,1.5147
2021-05-18,22.72,22.72,23.005,22.4,22.64,443200.0,22.372,21.2292,11.4264,6.5625,1.4345
2021-05-19,22.5,22.5,22.73,22.178,22.41,450900.0,22.504,21.3022,7.6079,5.1333,1.3702
2021-05-20,22.89,22.89,23.14,22.65,23.12,599100.0,22.674,21.3536,7.1035,1.1304,1.3652
2021-05-21,22.91,22.91,23.47,22.82,22.92,836700.0,22.72,21.3708,6.9738,63.9985,1.3825
2021-05-24,22.8,22.8,23.156,22.53,23.12,617500.0,22.764,21.3796,22.8287,0.9562,1.3965
2021-05-25,23.66,23.66,24.15,23.09,23.09,1236100.0,22.952,21.3924,15.7602,0.8596,1.4268
2021-05-26,26.46,26.46,26.5,24.68,24.73,3361800.0,23.744,21.4918,16.682,0.052,1.5883
2021-05-27,25.44,25.44,26.39,25.38,26.32,2271900.0,24.254,21.5526,7.8094,0.1477,1.6802
2021-05-28,24.71,24.71,25.14,24.37,24.9,1006500.0,24.614,21.6074,2.9316,3.0526,1.7364
2021-06-01,25.08,25.08,25.77,24.81,25.37,996700.0,25.07,21.6504,25.22,2.3103,1.7994
2021-06-02,25.94,25.94,26.06,24.95,24.98,844200.0,25.526,21.738,11.7626,0.1562,1.893
2021-06-03,25.51,25.51,26.32,25.16,25.56,749700.0,25.336,21.8474,7.4268,22.2004,1.9396
2021-06-04,26.66,26.66,26.81,26.16,26.27,1130000.0,25.58,21.991,8.0616,0.6667,2.0138
2021-06-07,28.14,28.14,28.55,27.95,28.17,1882500.0,26.266,22.1596,28.2133,18.9995,2.1574
2021-06-08,28.93,28.93,29.065,27.8,28.17,1211400.0,27.036,22.3428,11.1975,0.6645,2.3265
2021-06-09,28.33,28.33,29.45,28.175,29.43,1450300.0,27.514,22.5302,9.1443,0.1591,2.428
2021-06-10,28.32,28.32,28.65,27.76,28.29,788100.0,28.076,22.6872,4.1743,28.6679,2.5458
2021-06-11,27.42,27.42,28.07,27.33,27.97,2630800.0,28.228,22.8318,9.1205,0.3455,2.6145
2021-06-14,28.26,28.26,28.78,27.97,28.32,1303800.0,28.252,22.9954,28.3367,12.5001,2.7051
2021-06-15,27.62,27.62,28.25,27.12,28.25,972400.0,27.99,23.1272,11.8179,0.7937,2.7754
2021-06-16,27.67,27.67,28.22,27.25,27.32,701900.0,27.858,23.2578,6.5317,1.7714,2.8422
2021-06-17,27.48,27.48,27.86,27.28,27.44,708200.0,27.69,23.386,5.2909,13.5004,2.8977
2021-06-18,27.75,27.75,28.02,27.335,27.53,663300.0,27.756,23.5082,4.2244,2.1137,2.9587
2021-06-21,28.82,28.82,28.93,27.99,28.16,529200.0,27.868,23.6684,28.58,0.4242,3.0426
2021-06-22,28.78,28.78,28.78,28.15,28.54,664600.0,28.1,23.8414,15.9052,1.625,3.1114
2021-06-23,28.75,28.75,29.39,28.725,28.98,1031100.0,28.316,24.0154,13.4188,1.8913,3.1719
2021-06-24,28.75,28.75,29.15,28.51,29.05,778600.0,28.57,24.1864,7.4667,1.1333,3.2286
2021-06-25,27.83,27.83,28.76,27.56,28.6,802800.0,28.586,24.3386,5.9161,0.5584,3.2588
2021-06-28,27.39,27.39,28.16,27.28,28.005,787600.0,28.3,24.4802,27.61,0.4309,3.2788
2021-06-29,26.82,26.82,27.61,26.41,27.59,1447200.0,27.908,24.6024,17.45,0.5584,3.2911
2021-06-30,26.4,26.4,26.66,26.21,26.66,759200.0,27.438,24.725,6.7003,0.7308,3.2946
2021-07-01,26.12,26.12,26.53,25.71,26.53,1081400.0,26.912,24.8336,6.9309,1.0,3.2978
2021-07-02,26.55,26.55,26.98,25.81,26.93,766600.0,26.656,24.9382,4.1871,2.0789,3.3056
2021-07-06,24.42,24.42,25.79,24.41,25.62,1186200.0,26.062,24.9998,24.8733,0.15,3.3066
2021-07-07,24.35,24.35,24.69,23.78,24.69,1013400.0,25.568,25.051,11.1832,1.6765,3.3074
2021-07-08,23.54,23.54,23.88,23.23,23.61,1109100.0,24.996,25.089,7.8941,8.2857,3.3143
2021-07-09,23.49,23.49,23.83,23.4,23.76,942200.0,24.47,25.1096,5.225,0.5926,3.3177
2021-07-12,24.66,24.66,24.67,23.655,23.86,1352800.0,24.092,25.1498,24.3283,0.2688,3.3121
2021-07-13,24.46,24.46,24.7,24.135,24.345,1046000.0,24.1,25.2134,10.6535,3.9131,3.3138
2021-07-14,25.06,25.06,25.55,24.87,25.4,1387600.0,24.242,25.2902,9.2204,1.0,3.3139
2021-07-15,24.47,24.47,25.05,24.19,24.74,709900.0,24.428,25.3646,3.8792,2.1852,3.316
2021-07-16,23.6,23.6,24.74,23.59,24.675,1584000.0,24.45,25.4098,6.2462,0.0698,3.3256
2021-07-19,22.33,22.33,22.88,22.17,22.84,1452500.0,23.984,25.432,22.46,0.3922,3.3542
2021-07-20,23.11,23.11,23.35,21.94,22.24,1004300.0,23.714,25.4478,9.3203,0.6207,3.3647
2021-07-21,23.51,23.51,23.54,22.79,23.17,868500.0,23.404,25.4606,6.0803,1.2059,3.3651
2021-07-22,23.07,23.07,23.63,23.03,23.47,513000.0,23.124,25.4524,3.1065,0.5,3.3636
2021-07-23,22.79,22.79,23.47,22.76,23.41,469400.0,22.962,25.4714,2.507,0.1452,3.3829
2021-07-26,23.57,23.57,23.64,22.81,22.85,402400.0,23.21,25.502,23.34,0.1528,3.391
2021-07-27,22.94,22.94,23.27,22.76,23.04,732800.0,23.176,25.5072,14.8406,4.1,3.403
2021-07-28,23.8,23.8,24.0,23.18,23.18,554500.0,23.234,25.5316,7.7644,0.3226,3.4058
2021-07-29,23.69,23.69,23.98,23.53,23.9,522700.0,23.358,25.551,5.6072,1.1429,3.4094
2021-07-30,22.43,22.43,23.29,22.27,23.27,1035400.0,23.286,25.5496,7.2251,0.2143,3.4337
2021-08-02,22.55,22.55,23.36,22.45,22.83,742100.0,23.082,25.5428,22.7867,2.25,3.4528
2021-08-03,22.31,22.31,22.33,21.18,22.1,956900.0,22.956,25.5308,12.3569,4.4762,3.4759
2021-08-04,21.73,21.73,22.41,21.6,22.12,764300.0,22.542,25.5094,6.7992,1.0769,3.511
2021-08-05,21.78,21.78,22.68,21.72,22.12,806400.0,22.16,25.4718,5.4406,1.8235,3.5351
2021-08-06,21.73,21.73,22.19,21.44,22.1,588900.0,22.02,25.3772,3.3251,1.027,3.5028
2021-08-09,21.64,21.64,21.92,21.27,21.69,746400.0,21.838,25.3012,21.61,11.9997,3.4979
2021-08-10,21.76,21.76,21.99,21.6,21.75,591300.0,21.728,25.2422,9.6288,37.999,3.5051
2021-08-11,21.66,21.66,21.84,21.29,21.65,703100.0,21.714,25.1738,7.4405,53.9987,3.5067
2021-08-12,21.28,21.28,21.597,20.7,21.44,1147700.0,21.614,25.0806,7.6282,4.6063,3.4976
2021-08-13,20.89,20.89,21.36,20.8,21.28,596800.0,21.446,24.9882,3.3135,0.4359,3.5072
2021-08-16,20.32,20.32,20.46,20.09,20.41,996700.0,21.182,24.8614,20.29,3.1111,3.5039
2021-08-17,19.38,19.38,19.929,18.97,19.58,1071600.0,20.706,24.6862,10.0649,3.795,3.4821
2021-08-18,19.11,19.11,19.65,18.99,19.14,734400.0,20.196,24.4898,5.0441,21.0009,3.4403
2021-08-19,19.43,19.43,19.5,18.64,18.81,1154200.0,19.826,24.3118,5.5976,0.3871,3.4117
2021-08-20,20.06,20.06,20.25,18.92,18.96,1525500.0,19.66,24.1466,5.4937,0.2091,3.3674
2021-08-23,20.68,20.68,20.89,20.28,20.3,773300.0,19.732,24.0118,20.6167,0.6053,3.3377
2021-08-24,22.64,22.64,22.78,21.6,21.71,1664100.0,20.384,23.8994,15.2523,0.2688,3.2585
2021-08-25,22.8,22.8,22.87,22.185,22.41,653300.0,21.122,23.803,4.781,0.7564,3.1991
2021-08-26,22.18,22.18,22.98,21.93,22.63,858600.0,21.672,23.6932,4.8619,1.3333,3.1449
2021-08-27,22.63,22.63,22.86,22.25,22.27,719000.0,22.186,23.5962,3.4777,0.6945,3.0942
2021-08-30,21.94,21.94,22.36,21.85,22.36,573000.0,22.438,23.48,22.05,0.2143,3.0433
2021-08-31,21.99,21.99,22.46,21.62,22.06,656100.0,22.308,23.3434,11.7562,11.0,2.961
2021-09-01,21.76,21.76,22.12,21.75,21.86,401300.0,22.1,23.203,5.3846,2.7,2.8846
2021-09-02,21.61,21.61,22.11,21.18,21.57,1021600.0,21.986,23.0602,8.3336,22.2495,2.8133
2021-09-03,21.08,21.08,21.6,20.95,21.6,455900.0,21.676,22.9068,3.1113,0.25,2.7505
2021-09-07,21.54,21.54,21.9,20.92,21.03,526100.0,21.596,22.781,21.4533,0.9216,2.7115
2021-09-08,19.46,19.46,21.09,19.45,21.03,1347000.0,21.09,22.6224,14.3826,0.0446,2.7171
2021-09-09,20.09,20.09,20.5,19.47,19.64,2334200.0,20.756,22.4878,11.107,1.2889,2.7202
2021-09-10,20.02,20.02,20.79,19.79,20.68,1749800.0,20.438,22.3602,5.9334,0.5152,2.73
2021-09-13,20.54,20.54,20.84,20.0,20.38,1143800.0,20.33,22.2486,20.46,4.2499,2.7346
2021-09-14,20.12,20.12,20.67,19.98,20.67,528500.0,20.046,22.12,6.4018,0.2545,2.7397
2021-09-15,19.99,19.99,20.31,19.89,20.28,559800.0,20.152,22.0314,5.0318,0.4483,2.7537
2021-09-16,19.97,19.97,20.24,19.72,19.74,942200.0,20.128,21.9438,5.9295,1.2609,2.766
2021-09-17,19.75,19.75,20.13,19.58,19.97,1059400.0,20.074,21.868,4.9596,1.5,2.7735
2021-09-20,18.94,18.94,19.7,18.715,19.53,926900.0,19.754,21.777,19.1183,0.6695,2.793
2021-09-21,19.26,19.26,19.37,18.7,19.12,1307500.0,19.582,21.669,11.1826,3.7857,2.8129
2021-09-22,20.75,20.75,21.19,19.52,19.52,1489200.0,19.734,21.5948,8.1933,0.3577,2.8134
2021-09-23,21.47,21.47,21.82,21.07,21.09,1361000.0,20.034,21.523,5.7424,0.9737,2.8132
2021-09-24,21.58,21.58,21.6,21.13,21.18,782200.0,20.4,21.4652,2.8581,0.175,2.8104
2021-09-27,21.44,21.44,21.997,21.33,21.8,1173700.0,20.9,21.422,21.589,0.8528,2.7988
2021-09-28,20.37,20.37,21.39,20.33,21.16,1099800.0,21.122,21.3828,10.012,0.3418,2.7679
2021-09-29,20.46,20.46,21.03,20.23,20.53,778200.0,21.064,21.3298,5.2463,10.4283,2.7508
2021-09-30,20.06,20.06,20.55,19.93,20.48,816000.0,20.782,21.2608,4.2575,0.4762,2.7422
2021-10-01,21.74,21.74,21.84,20.75,20.75,1069400.0,20.814,21.2342,4.6447,0.101,2.7224
2021-10-04,20.49,20.49,21.57,20.3,21.54,1295800.0,20.624,21.1882,20.7867,0.2095,2.6976
2021-10-05,19.9,19.9,20.42,19.868,20.31,1253500.0,20.53,21.1148,9.8649,0.3463,2.6893
2021-10-06,19.55,19.55,19.77,18.91,19.07,1370300.0,20.348,21.047,6.7858,0.7917,2.673
2021-10-07,19.32,19.32,19.68,19.24,19.37,1167500.0,20.2,20.9574,4.4554,7.7998,2.6718
2021-10-08,19.52,19.52,20.01,19.45,19.84,1027100.0,19.756,20.874,3.3026,0.75,2.6657
2021-10-11,19.0,19.0,19.38,18.97,19.15,1226900.0,19.458,20.8054,19.1167,1.7333,2.6413
2021-10-12,18.89,18.89,19.33,18.861,19.21,718100.0,19.256,20.7322,7.0248,0.4656,2.6202
2021-10-13,19.07,19.07,19.2,18.76,19.11,1087400.0,19.16,20.6674,6.8169,9.9998,2.5902
2021-10-14,19.18,19.18,19.52,18.98,19.45,1025500.0,19.132,20.6164,4.8589,1.0,2.5426
2021-10-15,19.67,19.67,19.935,19.15,19.29,1264600.0,19.162,20.5742,4.6533,1.0658,2.4917
